code	name	address
102 T	102 Tower	102 South 200 East, Salt Lake City, UT 84111
250 TOWER	250 Tower	250 East 200 South, Salt Lake City, UT 84111
295 CH	295 Chipeta Way	295 Chipeta Way, Salt Lake City, UT 84108
360 WA	360 Wakara Way	360 Wakara Way, Salt Lake City, UT 84108
375 CH	375 Chipeta Way	375 Chipeta Way, Salt Lake City, UT 84108
383 CO	383 Colorow Drive	383 Colorow Dr, Salt Lake City, UT 84108
390 WA	390 Wakara Way	390 Wakara Way, Salt Lake City, UT 84108
391 CH	391 Chipeta Way	391 Chipeta Way, Salt Lake City, UT 84108
400 WA	400 Wakara Way	400 Wakara Way, Salt Lake City, UT 84108
410 CH	410 Chipeta Way	410 Chipeta Way, Salt Lake City, UT 84108
417 WA	417 Wakara Way	417 Wakara Way, Salt Lake City, UT 84108
419 WA	419 Wakara Way	419 Wakara Way, Salt Lake City, UT 84108
420 CH	420 Chipeta Way	420 Chipeta Way, Salt Lake City, UT 84108
420 WA	420 Wakara	420 Wakara Way, Salt Lake City, UT 84108
421 WA	421 Wakara Way	421 Wakara Way, Salt Lake City, UT 84108
423 WA	423 Wakara Way	423 Wakara Way, Salt Lake City, UT 84108
44	Office Building 44	290 S 1500 E, Salt Lake City, UT 84112
480 WA	480 Wakara Way (U Park Hotel)	480 Wakara Way, Salt Lake City, UT 84108
497 CO	497 Colorow Drive (PCRTC)	497 Colorow Dr, Salt Lake City, UT 84108
500 CH	500 Chipeta Way (ARUP)	500 Chipeta Way, Salt Lake City, UT 84108
500 HUU	500 Huntsman Way (Huntsman Corp)	500 Huntsman Way, Salt Lake City, UT 84108
505 WA	505 Wakara Way	505 Wakara Way, Salt Lake City, UT 84108
515 COLOROW	BioFire Diagnostics Building	515 Colorow Way, Salt Lake City, UT 84108
560 AR	560 Arapeen Dr	560 Arapeen Dr, Salt Lake City, UT 84108
575 CH	575 Chipeta Way (Watson Labs)	575 Chipeta Way, Salt Lake City, UT 84108
577 CH	577 Chipeta Way (Watson Labs)	577 Chipeta Way, Salt Lake City, UT 84108
585 KO	585 Komas (Consolidated Data Ctr)	585 Komas, Salt Lake City, UT 84108
600 KO	600 Komas	600 Komas, Salt Lake City, UT 84108
606 BH	606 Blackhawk	606 Blackhawk Way, Salt Lake City, UT 84108-1203
610 BH	606A Blackhawk	610 Blackhawk Way, Salt Lake City, UT 84108-1203
615 AR	615 Arapeen (Paradigm 1)	615 Arapeen Dr., Salt Lake City, UT 84108
650 KO	650 Komas	650 Komas, Salt Lake City, UT 84108
675 AR	675 Arapeen Drive (Paradigm II)	675 Arapeen Dr, Salt Lake City, UT 84108
729 AR	729 Arapeen Drive (INC)	729 Arapeen Dr, Salt Lake City, UT 84108
770 KO	770 Komas (Evans & Sutherland)	770 Komas, Salt Lake City, UT 84108
ACC	Acute Care Complex (Area E)	37 North 2000 East, Salt Lake City, UT 84112
ACC5	Reserved for accounting purposes	
ACCEL	Accelerator Building (now part of Bldg 83)	131 S 1400 E, Salt Lake City, UT 84112
ACCG	Ambulatory Care Center Garage	60 N Wasatch Dr - 20 N Wasatch Dr, Salt Lake City, UT 84112
ACCT	Reserved for Acct. Purposes	Salt Lake City, UT 84112
ADP SG	ADP Storage (demolished '96)	Salt Lake City, UT 84112
AEB	Alfred C. Emery Building	225 S 1400 E, Salt Lake City, UT 84112
AFB	America First Ballpark	725 South Guardsman Way, Salt Lake City, UT 84108
AIRMED DAVIS	AirMed Helipad at the Davis Hospital & Medical Center	1600 West Antelope Drive, Layton, UT 84041
AIRMED NEPHI	AirMed Helipad at the Central Valley Hospital	48 West 1500 North, Nephi, UT 84648
AIRMED SWEETWATER	AirMed Helipad at the Memorial Hospital of Sweetwater County	1200 College Drive, Rock Springs, WY 82901
ALUMNI	Cleone Peterson Eccles Alumni House	155 S. Central Campus Dr, Salt Lake City, UT 84112
ANNEX	Annex General Office	1901 E S Campus Dr, Salt Lake City, UT 84112
ARCH	Architecture Building	375 S 1530 E, Salt Lake City, UT 84112
ART	Art Building	375 S 1530 E, Salt Lake City, UT 84112
ARUP	546 Chipeta Way (ARUP)	546 Chipeta Way, Salt Lake City, UT 84108
ASB	Aline Wilmot Skaggs Biology Building	259 S 1400 E, Salt Lake City, UT 84112
ATC	American Towers Condominium	44 West Broadway, Salt Lake City, UT 84101
ATMOS	Atmospheric Sciences - Mountain Meteorology Lab	2185 Red Butte Rd, Salt Lake City, UT 84112
AUSTIN	Myrtle Austin Hall (Demolished 2006)	1775 Austin Rd, Salt Lake City, UT 84112
B - 3658	Salt Lake City Department of Airports	776 North Terminal Drive, Salt Lake City, UT 84122
B 102	Physical Therapy (Demolished 2001)	
B 111	McCarthey Family Track and Field Storage Building	98 S. Wasatch Dr, Salt Lake City, UT 84112
B 115	Trailhead  Housing	315 S. 1850 E., Salt Lake City, UT
B 117	American Campus Communities WEST (TBD)	Salt Lake City, UT
B 118	Soccer Field Ticket Office	Tbd, Salt Lake City, UT 84112
B 127	CoS Storage (TBD)	305 S 1400 E (tbd), Salt Lake City, UT 84112
B 149	North Campus Chiller Plant	101 South Central Campus Drive, Salt Lake City, UT 84112
B 15	Dance (Demolished 1996)	
B 150	Reserved for USTAR building complex	?, Salt Lake City, UT 84112
B 160	The University Ward (TBD)	160 S University St, Salt Lake City, UT
B 182	Meldrum House	200 S 1300 E, Salt Lake City, UT 84102
B 20	Physics/Ceramics (demolished 1994)	
B 2000	Utah System Higher Education	3 Triad Center Ste 550, Salt Lake City, UT 84180-1205
B 2001	Data Chem (now Bldg 3001)	960 W Lavoy Dr, Salt Lake City, UT 84123-2500
B 2002	Park City Radio (now Bldg 3002)	Po Box 1372, Park City, UT 84060-1372
B 2003	US Attorney's Office (now Bldg 3003)	185 S State Street, Rm 400, Salt Lake City, UT 84111-1552
B 2004	Children's Behavior Therapy (now Bldg 3004)	668 S 1300 E, Salt Lake City, UT 84102-3244
B 2005	Neighborhood House (now Bldg 3005)	1050 W 500, Salt Lake City, UT 84104-1319
B 2006	Utah Sch for Deaf and Blind (now Bldg 3006)	1838 S 1500 E, Salt Lake City, UT 84105-3837
B 2007	Sugarhouse Boy's Club (now Bldg 3007)	968 Sugarmont, Salt Lake City, UT 84106-2300
B 2008	Murray Boy's Club (now Bldg 3008)	244 Vine Street, Salt Lake City, UT 84107-4935
B 2009	Jewish Comm Center (now Bldg 3009)	2416 E 1700 S, Salt Lake City, UT 84108-2799
B 201	Reallocatable building number	
B 2010	Utah Zoological Society (now Bldg 3010)	2600 Sunnyside Dr, Salt Lake City, UT 84108-1454
B 2011	Alcohol and Drugs (now Bldg 3011)	Po Box 2604, Salt Lake City, UT 84110-2604
B 2012	Office of Legislature Research (now Bldg 3012)	350 N State, Salt Lake City, UT 84114-1103
B 2013	Gerentology (now Bldg 3013)	1991 S 200 E, Salt Lake City, UT 84115-2138
B 2014	Rape Crisis Center (now Bldg 3014)	776 W 200 N, Salt Lake City, UT 84116-3312
B 2015	2nd Juvenile Court (now Bldg 3015)	Salt Lake City, UT
B 2016	Utah Educ Loan System (now Bldg 3016)	Po Box 31802, Salt Lake City, UT
B 2017	Plastic Surgery/Thomas (now Bldg 3017)	370 E 9th Ave #200, Salt Lake City, UT 84103-2880
B 2018	NW Family Practice (now Bldg 3018)	3060 Lester, Salt Lake City, UT 84119-3099
B 2019	Plastic Surgery/Digman (now Bldg 3019)	24 S 1100 E #20, Salt Lake City, UT 84102-1500
B 2020	Andrology (now Bldg 3020)	1121 E 3900 S, Ste C130, Salt Lake City, UT 84124-1261
B 2021	U Hospital Foundation (now Bldg 3021)	420 E S Temple #370, Salt Lake City, UT 84111-1327
B 2022	Courthouse (now Bldg 3022)	350 S Main, Salt Lake City, UT 84101-2106
B 2023	Utah Legal Services (now Bldg 3023)	254 W 400 S, Salt Lake City, UT 84101-1823
B 2024	Salt Lake Acting Company (now Bldg 3024)	168 W 500 N, Salt Lake City, UT 84103-1762
B 2025	Justice Bldg-Pretrial Services (now Bldg 3025)	424 E 500 S, Ste 200, Salt Lake City, UT 84111-3337
B 2026	AOCE - Bountiful Site	75 E 200 S, Bountiful, UT 84010-6215
B 2027	Children's Museum of Utah (now Bldg 3027)	840 N 300 W, Salt Lake City, UT 84103-1413
B 2028	YWCA (now Bldg 3028)	322 E 300 S, Salt Lake City, UT 84111-2699
B 2029	US Attorney District of Utah (now Bldg 3029)	185 S Ste 400, Salt Lake City, UT 84101-1506
B 2030	Reserved for Scheduling--archival	
B 2031	Reserved for Scheduling--archival	
B 2032	Reserved for Scheduling--archival	
B 2033	Reserved for Scheduling--archival	
B 2034	Reserved for Scheduling--archival	
B 2035	Reserved for Scheduling--archival	
B 2036	Reserved for Scheduling--archival	
B 2037	Reserved for Scheduling--archival	
B 2038	Reserved for Scheduling--archival	
B 2039	Reserved for Scheduling--archival	
B 2040	Reserved for Scheduling--archival	
B 2041	Reserved for Scheduling--archival	
B 2042	AOCE - Sandy Site (now 3195)	9875 S 240 W, Sandy, UT 84070
B 2043	Reserved for Scheduling--archival	
B 2044	Reserved for Scheduling--archival	
B 2045	Reserved for Scheduling--archival	
B 2046	Reserved for Scheduling--archival	
B 2047	Reserved for Scheduling--archival	
B 2048	Reserved for Scheduling--archival	
B 2049	Reserved for Scheduling--archival	
B 2050	Reserved for Scheduling--archival	
B 2051	Reserved for Scheduling--archival	
B 2052	Reserved for Scheduling--archival	
B 2053	Reserved for Scheduling--archival	
B 2054	Reserved for Scheduling--archival	
B 2055	Reserved for Scheduling--archival	
B 2056	Reserved for Scheduling--archival	
B 2057	Reserved for Scheduling--archival	
B 2058	Reserved for Scheduling--archival	
B 2059	Reserved for Scheduling--archival	
B 2060	Reserved for Scheduling--archival	
B 2061	Reserved for Scheduling--archival	
B 2062	Reserved for Scheduling--archival	
B 2063	Reserved for Scheduling--archival	
B 2064	Reserved for Scheduling--archival	
B 2065	Reserved for Scheduling--archival	
B 2066	Reserved for Scheduling--archival	
B 2067	Reserved for Scheduling--archival	
B 2068	Reserved for Scheduling--archival	
B 2069	Reserved for Scheduling--archival	
B 2070	Reserved for Scheduling--archival	
B 2071	Reserved for Scheduling--archival	
B 2072	Reserved for Scheduling--archival	
B 2073	Reserved for Scheduling--archival	
B 2074	Reserved for Scheduling--archival	
B 2075	Reserved for Scheduling--archival	
B 2076	Reserved for Scheduling--archival	
B 2077	Foreign - Out of USA	
B 2078	Reserved for Scheduling--archival	
B 2079	Reserved for Scheduling--archival	
B 2080	Reserved for Scheduling--archival	
B 2081	Reserved for Scheduling--archival	
B 2082	Reserved for Scheduling--archival	
B 2083	Reserved for Scheduling--archival	
B 2084	Reserved for Scheduling--archival	
B 2085	Reserved for Scheduling--archival	
B 2086	Reserved for Scheduling--archival	
B 2087	Reserved for Scheduling--archival	
B 2088	Reserved for Scheduling--archival	
B 2089	Reserved for Scheduling--archival	
B 2090	Reserved for Scheduling--archival	
B 2091	Reserved for Scheduling--archival	
B 2092	Reserved for Scheduling--archival	
B 2093	Reserved for Scheduling--archival	
B 2094	Reserved for Scheduling--archival	
B 2095	Reserved for Scheduling--archival	
B 2096	Reserved for Scheduling--archival	
B 2097	Reserved for Scheduling--archival	
B 2098	Reserved for Scheduling--archival	
B 2099	Reserved for Scheduling--archival	
B 21	Applied Research	
B 2100	Reserved for Scheduling--archival	
B 2101	Reserved for Scheduling--archival	
B 2102	Reserved for Scheduling--archival	
B 2103	Reserved for Scheduling--archival	
B 2104	Reserved for Scheduling--archival	
B 2105	Reserved for Scheduling--archival	
B 2106	Reserved for Scheduling--archival	
B 2107	Reserved for Scheduling--archival	
B 2108	Reserved for Scheduling--archival	
B 2109	Reserved for Scheduling--archival	
B 2110	Reserved for Scheduling--archival	
B 2111	Reserved for Scheduling--archival	
B 2112	Reserved for Scheduling--archival	
B 2113	Reserved for Scheduling--archival	
B 2114	Reserved for Scheduling--archival	
B 2115	Reserved for Scheduling--archival	
B 2116	Reserved for Scheduling--archival	
B 2117	Reserved for Scheduling--archival	
B 2118	Reserved for Scheduling--archival	
B 2119	Reserved for Scheduling--archival	
B 2120	Reserved for Scheduling--archival	
B 2121	Reserved for Scheduling--archival	
B 2122	Reserved for Scheduling--archival	
B 2123	Reserved for Scheduling--archival	
B 2124	Reserved for Scheduling--archival	
B 2125	Reserved for Scheduling--archival	
B 2126	Reserved for Scheduling--archival	
B 2127	Reserved for Scheduling--archival	
B 2128	Reserved for Scheduling--archival	
B 2129	Reserved for Scheduling--archival	
B 2130	Reserved for Scheduling--archival	
B 2131	Reserved for Scheduling--archival	
B 2132	Moab	UT
B 2133	Reserved for Scheduling--archival	
B 2134	Reserved for Scheduling--archival	
B 2135	Reserved for Scheduling--archival	
B 2136	Reserved for Scheduling--archival	
B 2137	Reserved for Scheduling--archival	
B 2138	Reserved for Scheduling--archival	
B 2139	Reserved for Scheduling--archival	
B 2140	Reserved for Scheduling--archival	
B 2141	Reserved for Scheduling--archival	
B 2142	Reserved for Scheduling--archival	
B 2143	Reserved for Scheduling--archival	
B 2144	Reserved for Scheduling--archival	
B 2145	Reserved for Scheduling--archival	
B 2146	Reserved for Scheduling--archival	
B 2147	Reserved for Scheduling--archival	
B 2148	Reserved for Scheduling--archival	
B 2149	Reserved for Scheduling--archival	
B 2150	Reserved for Scheduling--archival	
B 2151	Reserved for Scheduling--archival	
B 2152	Reserved for Scheduling--archival	
B 2153	Reserved for Scheduling--archival	
B 2154	Reserved for Scheduling--archival	
B 2155	Reserved for Scheduling--archival	
B 2156	Reserved for Scheduling--archival	
B 2157	Reserved for Scheduling--archival	
B 2158	Reserved for Scheduling--archival	
B 2159	AOCE - Park City Site	1255 Park Ave Rm 201, Park City, UT 84060
B 2160	Reserved for Scheduling--archival	
B 2161	Reserved for Scheduling--archival	
B 2162	Reserved for Scheduling--archival	
B 2163	Reserved for Scheduling--archival	
B 2164	Reserved for Scheduling--archival	
B 2165	Reserved for Scheduling--archival	
B 2166	Reserved for Scheduling--archival	
B 2167	Reserved for Scheduling--archival	
B 2168	Reserved for Scheduling--archival	
B 2169	Reserved for Scheduling--archival	
B 2170	Reserved for Scheduling--archival	
B 2171	Reserved for Scheduling--archival	
B 2172	Reserved for Scheduling--archival	
B 2173	Reserved for Scheduling--archival	
B 2174	Reserved for Scheduling--archival	
B 2175	Reserved for Scheduling--archival	
B 2176	Reserved for Scheduling--archival	
B 2177	Reserved for Scheduling--archival	
B 2178	Reserved for Scheduling--archival	
B 2179	Reserved for Scheduling--archival	
B 2180	Reserved for Scheduling--archival	
B 2181	Reserved for Scheduling--archival	
B 2182	Reserved for Scheduling--archival	
B 2183	Reserved for Scheduling--archival	
B 2184	Reserved for Scheduling--archival	
B 2185	Reserved for Scheduling--archival	
B 2186	Reserved for Scheduling--archival	
B 2187	Reserved for Scheduling--archival	
B 2188	Reserved for Scheduling--archival	
B 2189	Reserved for Scheduling--archival	
B 2190	Reserved for Scheduling--archival	
B 2191	Reserved for Scheduling--archival	
B 2192	Reserved for Scheduling--archival	
B 2193	Reserved for Scheduling--archival	
B 2194	Reserved for Scheduling--archival	
B 2196	Reserved for Scheduling--archival	
B 2197	Reserved for Scheduling--archival	
B 2198	Reserved for Scheduling--archival	
B 2199	Reserved for Scheduling--archival	
B 2200	Reserved for Scheduling--archival	
B 2201	Reserved for Scheduling--archival	
B 2202	Reserved for Scheduling--archival	
B 2203	Reserved for Scheduling--archival	
B 2204	Reserved for Scheduling--archival	
B 2205	Reserved for Scheduling--archival	
B 2206	Reserved for Scheduling--archival	
B 2207	Reserved for Scheduling--archival	
B 2208	Reserved for Scheduling--archival	
B 2209	Reserved for Scheduling--archival	
B 2210	Reserved for Scheduling--archival	
B 2211	Reserved for Scheduling--archival	
B 2212	Reserved for Scheduling--archival	
B 2213	Reserved for Scheduling--archival	
B 2214	Reserved for Scheduling--archival	
B 2215	Reserved for Scheduling--archival	
B 2216	Reserved for Scheduling--archival	
B 2217	Reserved for Scheduling--archival	
B 2218	Reserved for Scheduling--archival	
B 2219	Reserved for Scheduling--archival	
B 222	Football Indoor Facility	Salt Lake City, UT
B 2220	Reserved for Scheduling--archival	
B 2221	Reserved for Scheduling--archival	
B 2222	Reserved for Scheduling--archival	
B 2223	Reserved for Scheduling--archival	
B 2224	Reserved for Scheduling--archival	
B 2225	Reserved for Scheduling--archival	
B 2226	Reserved for Scheduling--archival	
B 2227	Reserved for Scheduling--archival	
B 2228	Reserved for Scheduling--archival	
B 2229	Reserved for Scheduling--archival	
B 2230	Reserved for Scheduling--archival	
B 2231	Reserved for Scheduling--archival	
B 2232	Reserved for Scheduling--archival	
B 2233	Reserved for Scheduling--archival	
B 2234	Reserved for Scheduling--archival	
B 2235	Reserved for Scheduling--archival	
B 2236	Reserved for Scheduling--archival	
B 2237	Reserved for Scheduling--archival	
B 2238	Reserved for Scheduling--archival	
B 2239	Reserved for Scheduling--archival	
B 2240	Reserved for Scheduling--Out of State, In USA	
B 2241	Reserved for Scheduling--archival	
B 2242	Reserved for Scheduling--archival	
B 2243	Reserved for Scheduling--archival	
B 2244	Reserved for Scheduling--archival	
B 2245	Reserved for Scheduling--archival	
B 2246	Reserved for Scheduling -  General Utah Teaching Location	
B 2247	Reserved for Scheduling--archival	
B 2248	Reserved for Scheduling--archival	
B 2249	Reserved for Scheduling--archival	
B 2250	Reserved for Scheduling--archival	
B 2251	Reserved for Scheduling--archival	
B 2252	Reserved for Scheduling--archival	
B 2253	Reserved for Scheduling--archival	
B 2254	Reserved for Scheduling--archival	
B 2255	Reserved for Scheduling--archival	
B 2256	Reserved for Scheduling--archival	
B 2257	Reserved for Scheduling--archival	
B 2258	Reserved for Scheduling--archival	
B 2259	Reserved for Scheduling--archival	
B 2260	Reserved for Scheduling--archival	
B 2261	Reserved for Scheduling--archival	
B 2262	Reserved for Scheduling--archival	
B 2263	Reserved for Scheduling--archival	
B 2264	Reserved for Scheduling--archival	
B 2265	Reserved for Scheduling--archival	
B 2266	Reserved for Scheduling--archival	
B 2267	Reserved for Scheduling--archival	
B 2268	Reserved for Scheduling--archival	
B 2269	Reserved for Scheduling--archival	
B 2270	Reserved for Scheduling--archival	
B 2271	Reserved for Scheduling--archival	
B 2272	Reserved for Scheduling--archival	
B 2273	Reserved for Scheduling--archival	
B 2274	Reserved for Scheduling--archival	
B 2275	Reserved for Scheduling--archival	
B 2276	Reserved for Scheduling--archival	
B 2277	Reserved for Scheduling--archival	
B 2278	Reserved for Scheduling--archival	
B 2279	Reserved for Scheduling--archival	
B 2302	Reserved for Scheduling--archival	
B 2303	Reserved for Scheduling--archival	
B 2304	Reserved for Scheduling--archival	
B 2305	Reserved for Scheduling--archival	
B 2306	Reserved for Scheduling--archival	
B 2307	Reserved for Scheduling--archival	
B 2308	Reserved for Scheduling--archival	
B 2309	Reserved for Scheduling--archival	
B 2310	Reserved for Scheduling--archival	
B 2311	Reserved for Scheduling--archival	
B 2312	Reserved for Scheduling--archival	
B 2313	Reserved for Scheduling--archival	
B 2314	Reserved for Scheduling--archival	
B 2315	Reserved for Scheduling--archival	
B 2316	Reserved for Scheduling--archival	
B 2317	Reserved for Scheduling--archival	
B 2318	Reserved for Scheduling--archival	
B 2319	Reserved for Scheduling--archival	
B 2320	Reserved for Scheduling--archival	
B 2321	Reserved for Scheduling--archival	
B 2322	Reserved for Scheduling--archival	
B 2323	Reserved for Scheduling--archival	
B 2324	Reserved for Scheduling--archival	
B 2325	Reserved for Scheduling--archival	
B 2326	Reserved for Scheduling--archival	
B 2327	Reserved for Scheduling--archival	
B 2328	Reserved for Scheduling--archival	
B 2329	Reserved for Scheduling--archival	
B 2330	Reserved for Scheduling--archival	
B 2331	Reserved for Scheduling--archival	
B 2332	Reserved for Scheduling--archival	
B 2334	Reserved for Scheduling--archival	
B 2335	Reserved for Scheduling--archival	
B 2336	Reserved for Scheduling--archival	
B 2337	Reserved for Scheduling--archival	
B 2338	Reserved for Scheduling--archival	
B 2339	Reserved for Scheduling--archival	
B 2340	Reserved for Scheduling--archival	
B 2341	Reserved for Scheduling--archival	
B 2342	Reserved for Scheduling--archival	
B 2343	Reserved for Scheduling--archival	
B 2344	Reserved for Scheduling--archival	
B 2345	Reserved for Scheduling--archival	
B 2346	Reserved for Scheduling--archival	
B 2347	Reserved for Scheduling--archival	
B 2348	Reserved for Scheduling--archival	
B 2349	Reserved for Scheduling--archival	
B 2350	Reserved for Scheduling--archival	
B 2351	Reserved for Scheduling--archival	
B 2352	Reserved for Scheduling--archival	
B 2354	Reserved for Scheduling--archival	
B 2355	Reserved for Scheduling--archival	
B 2356	Reserved for Scheduling--archival	
B 2357	Reserved for Scheduling--archival	
B 2358	Reserved for Scheduling--archival	
B 2380	Reserved for Scheduling--archival	
B 2381	Reserved for Scheduling--archival	
B 2382	Reserved for Scheduling--archival	
B 2383	Reserved for Scheduling--archival	
B 2384	Reserved for Scheduling--archival	
B 2443	Southern Utah Univ (now Bldg 3443)	351 W Center St, Cedar City, UT 84720
B 2444	Indian Health Clinic (now Bldg 3444)	350 S 700 E, Salt Lake City, UT 84102-2188
B 2445	Rocky Mt Eye Center (now Bldg 3445)	4400 S 700 E, Salt Lake City, UT 84107-3000
B 2446	SL County Surveyor Office (now Bldg 3446)	4500 S Main, Salt Lake City, UT 84107-3782
B 2447	Central Ut Med. Clinic (Urology) (now Bldg 3447)	1055 N 300 W, Provo, UT 84604
B 2449	Cottonwood Hospital (now Bldg 3449)	570 S 300 E, Murray, UT 84107
B 2451	LDS Hospital (now Bldg 3451)	324 10th Ave, Salt Lake City, UT 84103
B 2452	Special Education (now Bldg 3452)	2056 S 1100 E, Salt Lake City, UT 84106
B 2453	Holy Cross Clinic (now Bldg 3453)	1102 E S Temple, Salt Lake City, UT 84102
B 2457	Dugway - Cosmic Ray (now Bldg 3457)	Salt Lake City
B 2458	Remote Off Campus Sites (Now Bldg 3458)	Salt Lake City
B 2460	VA - Building #1 (now Bldg 3660)	500 S Foothill Dr, Salt Lake City, UT 84148
B 2461	Morton Thiokal (now Bldg 3461)	Salt Lake City
B 2463	VA - Building #133 (now Bldg 3463)	500 S Foothill Dr, Salt Lake City, UT 84148
B 2464	VA - Building #2 (now Bldg 3464)	500 S Foothill Dr, Salt Lake City, UT 84148
B 2465	VA - Building #14 (now Bldg 3465)	500 S Foothill Dr, Salt Lake City, UT 84148
B 2466	VA - Building #3 (now Bldg 3466)	500 S Foothill Dr, Salt Lake City, UT 84148
B 2467	VA - Building #7 (now Bldg 3467)	500 S Foothill Dr, Salt Lake City, UT 84148
B 2468	St. George Cancer Center (now Bldg 3468)	St George
B 2469	C of Nursing Birth Center  (now Bldg 3469)	5282 S Commerce Dr, Salt Lake City, UT 84107
B 2470	Birth Center (now Bldg 3470)	515 S 400 E, Salt Lake City, UT 84111
B 2471	FHP (now Bldg 3471)	Salt Lake City
B 2472	SL Regional Med Ctr (Holy Cross) (now Bldg 3472)	1050 E S Temple, Salt Lake City, UT 84102-1599
B 2473	Utah State Univ (now Bldg 2473)	1 Utah State University, Logan, UT 84322-0002
B 249	Reserved for Sugarhouse Clinic #2	Salt Lake City, UT
B 2497	Kings West Corp (now Bldg 2497)	6965 S Union Pk Ctr Ste 310, Midvale, UT 84047
B 2498	Open Imaging - Redwood (now Bldg 2498)	6243 S Redwood Rd, Taylorsville, UT 84123
B 2500	UUHN Storage (now Bldg 2500)	400 N Lavoy Dr, North Salt Lake, UT
B 282	Snowbird Ski Clinic	9385 S Snowbird Center Dr., Sandy, UT 84092
B 3000	Utah System Higher Education	60 S 400 W, Salt Lake City, UT 84101-1284
B 3001	Data Chem	960 W Lavoy Dr, Salt Lake City, UT 84123-2500
B 3002	Park City Radio	Po Box 1372, Park City, UT 84060-1372
B 3003	US Attorney's Office	185 S State Rm 400, Salt Lake City, UT 84111-1552
B 3004	Children's Behavior Therapy	668 S 1300 E, Salt Lake City, UT 84102-3244
B 3005	Neighborhood House	1050 W 500 S, Salt Lake City, UT 84104-1319
B 3006	Utah School for Deaf and Blind	1838 S 1500 E, Salt Lake City, UT 84105-3837
B 3007	Sugarhouse Boy's Club	968 Sugarmont, Salt Lake City, UT 84106-2300
B 3008	Murray Boy's Club	244 Vine St, Salt Lake City, UT 84107-4935
B 3009	Jewish Community Center	2416 E 1700 S, Salt Lake City, UT 84108-2799
B 3010	Utah Zoological Society	2600 Sunnyside Ave, Salt Lake City, UT 84108-1454
B 3011	Alcohol and Drugs	120 North, 200 West, Po Box 2604, Salt Lake City, UT 84110-2604
B 3012	Office of Legislature Research	350 N State St, Salt Lake City, UT 84114-1103
B 3013	Gerontology	1991 S 200 E, Salt Lake City, UT 84115-2138
B 3014	Rape Crisis Center	776 W 200 N, Salt Lake City, UT 84116-3312
B 3015	2nd Juvenile Court	Salt Lake City, UT
B 3016	Utah Educ Loan System	Po Box 31802, Salt Lake City, UT
B 3017	Plastic Surgery/Thomas	370 E 9th Ave. #200, Salt Lake City, UT 84103-2880
B 3018	NW Family Practice	3060 Lester, Salt Lake City, UT 84119-3099
B 3019	Plastic Surgery/Digman	24 S 1100 East #20, Salt Lake City, UT 84102-1500
B 3020	Andrology	1121 E 3900 S Suite C130, Salt Lake City, UT 84124-1261
B 3021	University Hospital Foundation	420 E S Temple #370, Salt Lake City, UT 84111-1327
B 3022	Courthouse	350 S Main, Salt Lake City, UT 84101-2106
B 3023	Utah Legal Services	254 W 400 S, Salt Lake City, UT 84101-1823
B 3024	Salt Lake Acting Company	168 W 500 N, Salt Lake City, UT 84103-1762
B 3025	Justice Bldg-Pretrial Services	424 E 500 S Ste 200, Salt Lake City, UT 84111-3337
B 3026	Utah Arts Council	617 E S Temple, Salt Lake City, UT 84102-1177
B 3027	Children's Museum of Utah	840 N 300 W, Salt Lake City, UT 84103-1413
B 3028	YWCA	322 E 300 S, Salt Lake City, UT 84111-2699
B 3029	US Attorney District of Utah	185 S Ste 400, Salt Lake City, UT 84101-1506
B 3030	Department Of Neurology	2319 South Foothill Dr, Salt Lake City, UT 84108
B 3031	HMHI Meadowbrook	3900 South 51 West, South Salt Lake, UT 84107
B 3032	Avenues Womens Center LLC	455 East South Temple, Salt Lake City, UT 84112
B 3033	Streadbeck Development	3040 West 900 South, Salt Lake City, UT 84104
B 3037	Box n lock Storage	1785 Sequoia Vista Cir., Salt Lake City, UT 84104
B 3038	Portal Warehousing Salt Lake City	1580 S 500 W, Salt Lake City, UT
B 3054	RESERVED HCI Vineyard Future Bldg	Vineyard, UT
B 3055	HCI - Comprehensive Cancer Center (TBD)	Vineyard, UT
B 3056	RESERVED HCI Vineyard Ph1B	Vineyard, UT
B 3057	RESERVED HCI Vineyard Future Bldg	Vineyard, UT
B 310	UTA Breakroom at Med TRAX Station	10 N Medical Drive, Salt Lake City, UT
B 3101	Washington Federal Bldg	181 East 6100 South, Murray, UT 84107
B 3102	163 East 6100 South Building	163 East 6100 South, Murray, UT 84107
B 3103	165/167 East 6100 South Building	165 And 167 East 6100 South, Murray, UT 84107
B 3104	Residential Lease	6007 South 200 East, Murray, UT 84107
B 3105	UNI Wellness Recovery Center	697 West 4170 South, Murray, UT 84123
B 3111	Formally State of Utah Department of Family and Child Services	6100 South Fashion Boulevard, Murray, UT 84107
B 3114	Murray Park Building	154 Myrtle Ave, Murray, UT 84107
B 3127	Heritage Secure Storage	161 Gordon Lane Unit 57, Murray, UT
B 3128	Stor em Self Storage Murray	149 E Gordon Ln, Murray, UT 84107
B 3129	IM TOSH Medical Tower	5770 South 250 East, Murray, UT 84107
B 3151	Falcon Hill Aerospace Research Park	633 Falcon Hill Drive, Clearfield, UT 84015
B 3152	Utah State Records Center Building C-6	5th St. And D St. C-6, Clearfield, UT 84105
B 3217	Smiths Ballpark	77 West 1300 South, Salt Lake City, UT
B 3237	SLCSD - West High School	Salt Lake City, UT 84103
B 3238	INSPIRE at the Salt Lake Center for Science Education	1400 W Goodwin Avenue, Salt Lake City, UT 84116
B 325	Red Butte Garden Rose House	300 Wakara Way, Salt Lake City, UT 84108
B 3251	Elko Specialty Clinic	247 Bluffs Ave, Elko, NV 89801
B 3252	250 Promenade Place	250 Promenade Place, Las Vegas, NV
B 3259	WV Residential Lease	3802 S. 5600 W., West Valley City, UT 84120
B 3269	SLVHD- College of Nursing (Midwifery Clinic)	4535 S. 5600 W, West Valley City, UT 84120-4639
B 3270	SL Valley Detention Center	3450 South 900 West, West Valley City, UT 84119
B 3272	Womens Health Equity Fellowship Residential	Fd 2141 2 Dine Drive, Fort Defiance Navajo Nation, AZ
B 328	Reserved for Future Red Butte Vehicle Storage Building	2203 Red Butte Rd, Salt Lake City, UT 84113
B 3296	Farnsworth Home	3696 S. 5600 W., West Valley City, UT 84120
B 3338	138 South Main Street	Panguitch, UT
B 3392	Legacy Highway Storage	1392 W 500 S Suite A, Woods Cross, UT 84087
B 3401	Department of Surgery / otolaryngology	230 S. 500 E. Suite 150, Salt Lake City, UT 84102
B 3402	American Fork Dialysis	1159 E. 200 N., American Fork, UT 84003
B 3403	Idaho Falls Pediatrics	1645 Pancheri Drive, Idaho Falls, ID 83402
B 3404	Sorenson Global Impact Investing Center	299 South Main St, Salt Lake City, UT 84101
B 3408	377 Pueblo Court	377 Pueblo Court, Moab, UT
B 3409	570 W 400S	570 W 400s, Salt Lake City, UT
B 3410	Station Ctr 1 (TBD) Reserved	Salt Lake City, UT 84101
B 3411	Station Ctr 2 (TBD)	570 W 400s, Salt Lake City, UT 84101
B 3412	Station Ctr Parking	570 W 400s, Salt Lake City, UT 84101
B 3413	Cottonwood III at Newpark	1389 Center Drive, Park City, UT
B 3414	366 Pueblo Court	Moab, UT
B 3415	459 E. Nichols Ave	459 E. Nichols Ave, Moab, UT 84532
B 3416	MILLCREEK PUEBLO 4-B	369 Pueblo Court, Moab, UT
B 3417	HMHI Park City Clinic	1820 Sidewinder Drive, Park City, UT 84060
B 3418	Gold Dust Plaza	1887 Gold Dust Lane, Park City, UT 84060
B 3419	Desert Trails Apartments	616 Rosetree, Moab, UT 84532
B 3420	Park City Surgical and Medical Plaza	1850 Sidewinder Dr., Park City, UT 84060-7564
B 3421	Heber Valley Medical Center	380 East 1500 South Suite 201, Heber City, UT 84032
B 3422	Heber Valley Hospital	350 East 1500 South Highway 40, Heber City, UT 84032
B 3423	Idaho Heart Institute	2985 Cortez Ave, Idaho Falls, ID 83404
B 3424	Pocatello Primary Care Specialists	110 Vista Dr, Pocatello, ID 83201
B 3425	Utah Valley Hospital	1034 N 500 W, Provo, UT 84604
B 3426	Moab Regional Hospital	450 Williams Way, Moab, UT 84532
B 3427	Fort Duchesne Residential	Fort Duchesne Residential, UT 84026
B 3432	Extra Space Storage	1150 S 500 W, Salt Lake City, UT
B 3433	The Falls at Mesa Point	368 South Mall Drive, St George, UT 84790
B 3434	KUEN  Utah Education Network Storage	2650 West 2600 North, Helper, UT 84526
B 3435	Dixie State University Business Office	225 S University Ave, St George, UT 84770
B 3437	UEN Storage Hurricane	126 North Old Highway 91, Hurricane, UT 84737
B 3438	Allistar Storage LLC	896 N. Westridge Drive, St George, UT 84770
B 3439	Erda Self Storage	427 East Cimmarron Way, Erda, UT 84074
B 3440	AA Alpine Storage	750 N. Warm Springs Road (700 W), Salt Lake City, UT 84116
B 3441	Sugarhouse Self Storage	1260 Elgin Ave, Salt Lake City, UT 84106
B 3442	Department of Chemical Engineering	653 South 600 West, Salt Lake City, Ut, Salt Lake City, UT 84101
B 3443	Southern Utah University	351 W Center St, Cedar City, UT 84720
B 3444	Indian Health Clinic	350 S 700 E, Salt Lake City, UT 84102-2188
B 3445	Rocky Mt Eye Center	4400 S 700 E, Salt Lake City, UT 84107-3000
B 3446	SL County Surveyor Office	4500 S Main, Salt Lake City, UT 84107-3782
B 3447	Central Ut Med. Clinic (Urology)	1055 N 300 W, Provo, UT 84604
B 3448	Clinics at the Utah Valley Regional Medical Center	1034 N 500 W, Provo, UT 84604
B 3449	Cottonwood Hospital	570 S 300 E, Murray, UT 84107
B 3450	Physicians Prof Bldg (Derm Clinic)	324 10th Ave Ste 224, Salt Lake City, UT 84103
B 3451	LDS Hospital	325 8th Ave, Salt Lake City, UT 84103
B 3452	Special Education	1595 W 500 S, Salt Lake City, UT 84104-5238
B 3453	Holy Cross Clinic	1102 E S Temple, Salt Lake City, UT 84102
B 3454	CECE - Bountiful Site	75 E 200 S, Bountiful, UT 84010-6215
B 3455	DCE - Copperview	Salt Lake City, UT
B 3456	AOCE - Park City Site	1255 Park Ave Rm 201, Park City, UT 84060
B 3457	Dugway - Cosmic Ray	Tooele, UT
B 3458	Lon and Mary Watson Millard County Cosmic Ray Center	648 West Main Street, Delta, UT 84624
B 3459	Dinwood Building Storage	37 W 100 S, Salt Lake City, UT 84054
B 3460	VA - Building #1	500 S Foothill Dr, Salt Lake City, UT 84148
B 3461	Morton Thiokal	Salt Lake City, UT
B 3462	New Liberty Community Learning Center and Clinic	1078 S 300 E, Salt Lake City, UT 84111
B 3463	VA - Building #133	500 S Foothill Dr, Salt Lake City, UT 84148
B 3464	VA - Building #2	500 S Foothill Dr, Salt Lake City, UT 84148
B 3465	VA - Building #14	500 S Foothill Dr, Salt Lake City, UT 84148
B 3466	VA - Building #3	500 S Foothill Dr, Salt Lake City, UT 84148
B 3467	VA - Building #7	500 S Foothill Dr, Salt Lake City, UT 84148
B 3468	St. George Cancer Center	St George, UT
B 3469	College of Nursing Birth Center	5282 S Commerce Dr, Salt Lake City, UT 84107
B 3470	Birth Center	515 S 400 E, Salt Lake City, UT 84111
B 3471	FHP	Salt Lake City, UT
B 3472	SL Regional Med Ctr (Holy Cross)	1050 E S Temple, Salt Lake City, UT 84102-1599
B 3473	Utah State University	Utah State University, Logan, UT 84322-0002
B 3474	N.W. Community Health Center	1365 W 1000 N, Salt Lake City, UT 84116-1654
B 3475	Tonaquint Data Center in St George	1108 W 1600 S, St George, UT 84770
B 3476	Utah Lions Eye Bank	3335 E. Deseret Dr, St George, UT 84790
B 3477	Medical Office Building SL Regional Med Ctr (Holy Cross)	82 South 1100 East Suite 204, Salt Lake City, UT 84102-1599
B 3478	Mountain View Orthopedic Center	5957 Fashion Point Dr Suite 101, Ogden, UT 84403
B 3480	Sample Library	Salt Lake City
B 3481	Heber Mine	Salt Lake City, UT
B 3482	BYU	Salt Lake City, UT
B 3483	Govenor's Mansion	Salt Lake City, UT
B 3484	Springville Museum of Art	Salt Lake City, UT
B 3485	IFA communications tower	498 West Main Street, Delta, UT
B 3486	VA Hospital Building #45	500 S Foothill Dr, Salt Lake City, UT
B 3488	Salt Lake Community College	Salt Lake City, UT
B 3489	North Salt Lake Pilot Plant	Salt Lake City, UT
B 3490	IHC Hearing & Balance Clinic	Salt Lake City, UT
B 3491	Seismograph Stations	
B 3492	State Office of Education	Salt Lake City, UT
B 3493	DCE Admin	747 E S Temple Ste 101, Salt Lake City, UT 84102
B 3494	CECE - Murray Site	5282 S 320 West Number D Suite 100, Murray, UT 84107
B 3495	DCE - Lindberg Plaza	221 N Charles Lindberg Dr, Salt Lake City, UT 84116
B 3496	AOCE - Sandy Site	9875 S 240 W, Sandy, UT 84707
B 3497	Kings West Corp	6965 S Union Pk Ctr Suite 310, Midvale, UT 84047
B 3498	Open Imaging - Redwood	6243 S Redwood Rd, Taylorsville, UT 84123
B 3499	Ogden High School	2828 Harrison Blvd, Ogden, UT 84403
B 3500	UUHN Storage	400 N 7th W, North Salt Lake, UT 84054-2708
B 3501	UUHN Storage	344 N Main, Layton, UT 84041
B 3502	Pediatrics S. Main Clinic	3690 S. Main, Salt Lake City, UT 84115
B 3503	Animal Resources Storage Units	1674 N Beck St, Salt Lake City, UT 84116
B 3504	LDS Institute	1780 E S Campus Dr, Salt Lake City, UT
B 3505	Cottonwood High School	5715 S 1300 E, Salt Lake City, UT
B 3507	SoD at Weber State - Dental Hygine Program	3891 Stadium Way, Ogden, UT 84408
B 3508	Dr. Symond gift property #1	838 S 500 W, Milford, UT
B 3509	Dr. Symond gift property #2	840 S 500 W, Milford, UT 84751
B 3510	McKay-Dee Hospital	4403 Harrison Blvd, Ogden, UT 84403
B 3511	Hinkley Institute of Politics	175 S Reynolds, Alexandria, VA
B 3512	Faculty Club Lodge	8530 E State Route 35, Kamas, UT 84036
B 3513	3600 West	2256 S 3600 W, West Valley City, UT 84119
B 3514	McKay-Dee Medical Office Building-NUKS	4403 Harrison Blvd, Suite 2635, Ogden, UT 84403
B 3515	Air Med  Hospitals and Clinics	1441 E Rambling Dr, Draper, UT 84020
B 3516	AirMed Hangar SLC Airport	649 N 2360 W, Salt Lake City, UT 84116
B 3517	Hinkley Institute of Politics	200 S Vandorn, Alexandria, VA
B 3518	Condo at Silver Cliff Village	1375 Woodside Avenue 1, Park City, UT
B 3519	Energy and Geosciences Inst	16000 Memorial Dr, Houston, TX
B 3520	Virginia Tanner Creative Dance	2580 Jefferson Avenue, Ogden, UT 84401
B 3522	Addiction Referral Services Clinic	450 S 900 East, Salt Lake City, UT 84102
B 3523	Scorup House College of Architecture	210 North 700 East, Bluff, UT 84512
B 3524	Nayon Heights Condominium Unit 6 Building G	1086 North 1250 East, Layton, UT 84040
B 3525	Eastside Place Apartments	350 South 600 East, Salt Lake City, UT 84102
B 3526	Hartland Apartments	1617 W Secret Garden Place, Salt Lake City, UT 84104
B 3527	City Front Apartments	641 W North Temple, Salt Lake City, UT 84116
B 3528	Northwest Parent Resource Network	1300 W 300 N, Salt Lake City, UT 84116
B 3530	Red Gate Properties	144-146 S 400 E, Salt Lake City, UT 84111
B 3531	Emile A Dewitt	1433 E 1700 S, Salt Lake City, UT 84105
B 3532	University Press Book Storage 1	11028 S Langeley, Chicago, IL
B 3533	UU Press Chicago Distribution Center	11030 S Langeley, Chicago, IL
B 3534	Salt Lake Office Bldg	3269 S Main, Salt Lake City, UT 84115
B 3535	Ford Building	280 South 400 West, Salt Lake City, UT 84101
B 3537	Livermore Residence	1234 Depaul Way, Livermore, CA 94550
B 3538	Walker Lane Building CA	165 6th Avenue Unit 2601, San Diego, CA 92101
B 3539	INSPIRE at DWS Utah Refugee Center	150 North 1950 West, Salt Lake City, UT 84116
B 3540	Albuquerque Uptown Village Apartments	2222 Uptown Loop Ne, Albuquerque, NM 87110
B 3541	Beneficiary Deed Townhome Tucson	257 E. Crooked Stick Dr, Tucson, AZ 85737
B 3542	Physics Housing in Tucson	Various Locations, Tucson, AZ
B 3543	Physics Residence 6	286 West 300 North, Delta, UT
B 3544	Institute for Clean & Secure Energy (ICES) Residential Lease	6100 Cortaderia Ne, Suite 3923, Albuquerque, NM 87111
B 3545	Institute for Clean & Secure Energy (ICES)	6001 Moon St. Ne 1922, Albuquerque, NM 87111
B 3546	Stonebridge Plaza Apts	27 West Main St., Santaquin, UT 84655
B 3548	Sunset Towers Apartments	40 S 900 E 7b, Salt Lake City, UT 84105
B 3549	Bonderman Field Station at Rio Mesa - ship to address	125 W 200 South, Moab, UT 84532
B 3550	Library Square Center	231 E 400 S, Salt Lake City, UT 84111
B 3551	Cloverland Building	5242 S. College Drive Suite 100, Murray, UT 84123
B 3552	Hinkley Institute of Politics -- 2950 Van Ness Ave	2950 Van Ness Avenue, Washington D.C., DC
B 3553	Physics Residence 5	389 E 300 N, Delta, UT 84624
B 3554	Middle Drum Fluorescence Detector Building	Lat 39.20792, Long -112.99366, Delta, UT 84624
B 3555	Black Rock Mesa Fluorescence Detector Building	Lat 39.18830, Long -112.711170, Delta, UT 84624
B 3556	Long Ridge Fluorescence Detector Building	Lat 39.22622 Long -113.07260, Delta, UT 84624
B 3557	Black Rock Mesa Electon Light Source	Lat 39.18886, Long-112.71276, Hinkley, UT 84635
B 3575	Dorothy Watkiss Life Estate	1509 S Canterbury Dr., Salt Lake City, UT 84108
B 3576	VA Hospital Building # 30	500 S. Foothill Drive, Salt Lake City, UT 84148
B 3577	VA Hospital Building # 37	500 S. Foothill Drive, Salt Lake City, UT 84148
B 3579	UTU SoM	1071 E 100 S, St George, UT 84770
B 3580	West Valley Dialysis Center	3854 W 5400 S, Taylorsville, UT 84118
B 3581	Air Med - Park City	730 W Bitner Road, Park City, UT 84098
B 3582	AirMed Hangar Base Rock Springs	Hwy 370, W. Hangar, Rock Springs, WY 82901
B 3583	Air Med - Timpanogos Regional Hospital	750 W 800 N, Orem, UT 84057
B 3584	Air Med - Ogden Regional Hospital	5375 S 500 E, Ogden, UT 84405
B 3585	College of Nursing Temporary Building - Royalwood Plaza	230 W 200 S, Salt Lake City, UT 84101
B 3586	Payson Regional Dialysis Center	15 South 1000 East, Suite 50, Payson, UT 84651
B 3587	Ob-Gyn Clinic - Avenues	370 East 9th Avenue, Ste 101, Salt Lake City, UT 84103
B 3588	Addiction Referral Services Clinic	450 S 900 E Ste 300, Salt Lake City, UT 84070
B 3589	AirMed Hangar Quarters Tooele	145 E 1000 N, Tooele, UT 84074
B 3590	Physics Residence 1	140 N 300 E, Delta, UT 84624
B 3591	Physics Residence 2	198 S 200 W, Delta, UT 84624
B 3592	Physics Residence 3	168 N 150 E, Delta, UT 84624
B 3593	Physics Residence 4	379 E 300 N, Delta, UT 84624
B 3594	Brigham Apartments,  825	201 East South Temple, Salt Lake City, UT 84111
B 3595	U Investment Office	136 Heber Ave, Suite 204, Park City, UT 84060
B 3596	Transplant Surgery Residence	145 E Harmon Ave, 506 A, Las Vegas, NV 89109
B 3597	Damon Building Diabetes	Jct Hwy 265 And N-12, Number F, Window Rock, AZ 86515
B 3598	General Surgery Clinic	5169 Intermountain Dr, 550, Murray, UT 84107
B 3599	University Neighborhood Partners #2	1617 Secret Garden Place 162, Salt Lake City, UT 84104-4031
B 3600	University Neighborhood Partners 3	1617 Secret Garden Place 264, Salt Lake City, UT 84104-4031
B 3601	Downtown Commons One	349 E. 1st Ave, Salt Lake City, UT 84103-2699
B 3602	Downtown Commons Two	43 S. 400 E., Salt Lake City, UT 84111-1817
B 3603	Home Clinic North	2540 Washington Blvd, #122, Ogden, UT 84401
B 3604	Mark Lindsay Dialysis Center	1151 Country Hills Dr, Ogden, UT 84401
B 3605	Kearns Building	136 S Main 320, Salt Lake City, UT 84101-1601
B 3606	Air Med Apartment Rock Springs	3218 Dewar Dr 101, Rock Springs, WY 82291
B 3607	Willard L. Eccles Observatory	Frisco Peak, Milford, UT
B 3608	School of Dentistry Residential Apt.	368 S 300 W, Blanding, UT 84511
B 3609	Virgina Tanner Dance-Park City	3770 N. Highway 224, Park City, UT 84098
B 3610	Virgina Tanner Dance-South Jordan	11700 S. 5100 W., Salt Lake City, UT 84095
B 3611	Riverton Medical Center	3773 West 12600 South, Riverton, UT 84065
B 3612	Hinckley Institute Apartments	850 Quincy Street Nw 305, 417, 525, 609 625 Washington Dc 20011, Washington D.C., DC 20011
B 3613	Virginia Tanner Creative Dance Program-Park City 2	4237 Kilby Road, Park City, UT 84098
B 3614	Red Zone - Sandy UofU Book Store	10497 S State Street, Salt Lake City, UT 84070
B 3615	Donelson-Pyper House	436 Alameda Avenue, Salt Lake City, UT 84111
B 3616	Richfield Data Center	360 S 500 W, Richfield, UT 84701
B 3617	Air Med Orem	750 West 800 North, Orem, Ut 84057, Orem, UT 84057
B 3618	Hamburg Student Exchange	556 J Street, Salt Lake City, UT 84121
B 3619	Red Zone - Layton Hills Convenience Center	445 W. 1425 N, Layton, UT 84041
B 3620	Pediatrics Clinic	3741 West 12600 South, Salt Lake City, UT 84095
B 3621	Thomas S. Monson Center	411 E. South Temple, Salt Lake City, UT 84111
B 3622	Red Zone -  West Jordan UofU	3763 West Center Park Drive 110, West Jordan, UT 84084
B 3623	Red Zone - Jordan Landing	3763 West Center Park Drive,, West Jordan, UT 84084
B 3624	Old LDS Carriage House	Salt Lake City, UT
B 3625	Willard L Eccles Observatory Support Building	Frisco Peak, Milford, UT 84751
B 3626	Virginia Tanner Dance Program with Park City School District	4600 Silver Springs Drive, Park City, UT 84098
B 3628	RuUte 513 N. 300 W.	513 N. 300 W, Monticello, UT
B 3629	Cannery Apartments	400 Nelson Avenue Num_3102, Farmington, NM
B 3630	COPPER RIDGE WAREHOUSE	2540 Copper Ridge Dr, Steamboat Springs, CO 80487
B 3631	The Sweet House	513 N. 300 W., Blanding, UT 84511
B 3632	Orrin G. Hatch Center at The Utah House	1527 - 1529 18th Street, Nw, Washington D.C., DC 20036
B 3634	Shop Workspace	350 E 400 S, Salt Lake City, UT 84111
B 3635	CAROLYN BARNES GARDNER CARRIAGE HOUSE	1781 Church St Nw, Washington D.C., 20036-1301
B 3636	1577 Dewar Drive Building A	1577 Dewar Drive Building A, Rock Springs, WY 82901
B 3637	37060 William William Rd	37060 William William Rd, Steamboat Springs, CO 80487
B 3638	2920 Apres Ski Way A	2920 Apres Ski Way, Steamboat Springs, CO 80487
B 3640	Storm Peak Laboratory	Steamboat Springs, CO
B 3641	Sweetwater Memorial Hospital	1180 College Drive Suite C, Rock Springs, WY 82901
B 3642	KUER - Transmitter Farnsworth Peak	Farnsworth Peak, Salt Lake City, UT
B 3643	KUED-Crawford Mt. Communications Site	41.68312 N 111.05727 W, Randolph, UT 84064
B 3644	KUER - Edna Peak - Sanpete County	39-16-23.3 N, 111-39-29.0 W, Manti, UT
B 3645	KUER - 1034 W., RSI Drive	Logan, UT
B 3649	KUER - TSM St George	St George, UT 84771
B 3651	TARA Radar Transmitter Building - Lee Ditch Rd	Lat 39.33883, Long -112.7009, Hinkley, UT 84635
B 3652	AirMed China Ridge Communication Towers	Near Marsh Lake, UT
B 3654	AirMed Quarters Rock Springs, Apts 305 & 308	3214 Dewar Dr Apt 305, Rock Springs, WY 82901
B 3655	AirMed Quarters Rock Springs, Apt 101	3218 Dewar Dr, Rock Springs, WY
B 3656	AirMed Quarters Layton at the Davis Hospital & Medical Center	2084 North 1700 West, Unit B, Layton, UT 84041
B 3657	AirMed Hangar Base Nephi	1915 Airport Road Hangar 1, Nephi, UT 84648
B 3659	AirMed Hangar at Salt Lake international Airport Tarmac	Salt Lake City, UT
B 3660	Bonderman Field Station at Rio Mesa - Instructional Discovery bldg	Moab, UT
B 3661	Bonderman Field Station at Rio Mesa -  West End Tuff Shed	Utah Bottom On Dolores River 44 Mi East Of Moab, Moab, UT 84532
B 3662	Bonderman Field Station at Rio Mesa - Bath House	Utah Bottom On Dolores River 44 Mi East Of Moab, Moab, UT 84532
B 3663	Bonderman Field Station at Rio Mesa - East End Tuff Shed	Utah Bottom On Dolores River 44 Mi East Of Moab, Moab, UT 84532
B 3664	Bonderman Field Station at Rio Mesa -  Yurt	Utah Bottom On Dolores River 44 Mi East Of Moab, Moab, UT 84532
B 3665	Bonderman Field Station at Rio Mesa - East End Shade Structure	Utah Bottom On Dolores River 44 Mi East Of Moab, Moab, UT 84532
B 368	Reserved - Ambulatory site	98 North Mario Capecchi Drive, Salt Lake City, UT 84112
B 3688	IHC Memorial Clinic	2000 South 900 East, Draper, UT 84105
B 3692	KUED/KUER Transmitter Building	Mt. Vision, Ogden, UT
B 3701	South Jordan Health Center	5126 West Daybreak Parkway, South Jordan, UT 84009
B 3702	Patient Appartments at the Baymont Hotel	2080 West North Temple Street, Salt Lake City, UT 84084
B 3703	Reserved for UUHC Saratoga Springs	Near 200 North 1000 West, Saratoga Springs, UT 84045
B 3705	University Health  School of Medicine  Orthopaedics	2645 East Parleys Way, Salt Lake City, UT 84109
B 3707	Lehi Community Clinic Development (TBD)	Lehi, UT 840043
B 3708	AirMed Quarters at Hyve Apts	1740 W Gertie Avenue, Salt Lake City, UT 84116
B 3710	Primary Childrens ENT Riverton Outpatient Clinic	3741 W 12600 S, Riverton, UT
B 3711	Utah Valley Outpatient Center	1157 North 300 West, Provo, UT 84604
B 3713	UNI HOME Centerville at Matt's Place	190 S Main St. Suite B, Centerville, UT 84014
B 3714	Moran Eye Clinic Farmington	150 N Central Ave, Farmington, UT 84025
B 3715	HMHI Farmington Outpatient Clinic	291 S. 200 W, Farmington, UT 84025
B 3716	Farmington Health Center	165 North University Avenue, Farmington, UT 84025
B 3717	Summit Center Business Park Occupational Therapy	2760 West Rasmussen Road, Park City, UT 84098
B 3718	HMHI South	240 East Morris Ave, Salt Lake City, UT 84115
B 3719	The Draw in Sugarhouse	2120 South 1300 East, Salt Lake City, UT
B 3720	IHC South Pavilion	5171 South Cottonwood Street, Murray, UT 84107
B 3721	OB - GYN Murray	5063 South Cottonwood Street, Suite 450, Murray, UT 84107
B 3722	Sugarhouse Health Center	1280 E. Stringham Avenue, Salt Lake City, UT 84106
B 3723	University of Utah Legacy Village of Sugarhouse Clinic	1212 E Wilmington Avenue, Salt Lake City, UT 84106
B 3729	WV Residential Lease 3	3750 South 5600 West, West Valley City, UT
B 3730	Day Break Clinic Trailer	5200 West Daybreak Parkway (11400 South), Salt Lake City, UT
B 3732	WV Residential Lease 2	3732 South 5600 West, West Valley City, UT
B 3734	FORGE Visitor Ctr	4874 E. Forge Rd., Milford, UT
B 3735	Observatory Control Building	38 Deg 31.104' N, 113 Deg. 17.143' W, Milford, UT 84751
B 3736	Huntsman Cancer Hospital Apartments	130 South 800 East, Salt Lake City, UT 84102
B 3737	David Eccles School of Business  - Low Income Tax Clinic	1453 S. Major Street, Suites 104, 105 And 106, Salt Lake City, Ut 84115, Salt Lake City, UT 84115
B 3738	University Neighborhood Partners Hartland	1578 West 1700 South, Salt Lake City, UT 84104
B 3739	Emigrant Pass Observatory	Salt Lake City, UT
B 3740	Virgina Tanner Creative Dance Program	190 S Wasatch Drive, Salt Lake City, UT 84112
B 3741	Artspace Commons I	824 South 400 West, Salt Lake City, UT 84101
B 3742	Mercer Downtown Apartments	556 East 300 South, Salt Lake City, UT 84102
B 3743	College of Fine Arts Residential Rental	745 S. 600 E., Salt Lake City, UT 84102
B 3744	UNI - 'Old'Salvation Army Bldg	500 E 252 S, Salt Lake City, UT 84102
B 3745	Block 44	380 South 400 East, Salt Lake City, UT 84102
B 3746	Braxton at Trolley Square	727 East 600 South, Salt Lake City, UT
B 3748	BTX Storage	1812 Empire Road, Salt Lake City, UT 84104
B 3750	West Valley Health & Community Center	3784 S 5600 W, West Valley City, UT 84120
B 3751	Reserved West Valley Health Campus - TBD	West Valley City, UT
B 3752	Reserved West Valley Health Campus - TBD	West Valley City, UT
B 3753	Reserved West Valley Health Campus - TBD	West Valley City, UT
B 3754	Reserved West Valley Health Campus - TBD	West Valley City, UT
B 3755	Reserved West Valley Health Campus - TBD	West Valley City, UT
B 3756	Reserved West Valley Health Campus - TBD	West Valley City, UT
B 3757	Reserved West Valley Health Campus - TBD	West Valley City, UT
B 3758	Reserved West Valley Health Campus - TBD	West Valley City, UT
B 3759	Reserved West Valley Health Campus - TBD	West Valley City, UT
B 3760	Range Creek Bunkhouse	WIlcox Ranch, UT
B 3761	Range Creek Cabin 1 Room	WIlcox Ranch, UT
B 3762	Range Creek Chicken Coop	WIlcox Ranch, UT
B 3763	Range Creek Corrugated SIlos	WIlcox Ranch, UT
B 3764	Range Creek Log Cabin 2 Rooms	WIlcox Ranch, UT
B 3765	Range Creek Pole Barn	WIlcox Ranch, UT
B 3766	Range Creek Pump House	WIlcox Ranch, UT
B 3767	Range Creek Ranch House	WIlcox Ranch, UT
B 3768	Range Creek Creek Shed	WIlcox Ranch, UT
B 3769	Range Creek Battery Depot	WIlcox Ranch, UT
B 3770	Pebble Creek Apartments	1616 West, Salt Lake City, UT
B 3771	Seven 65 Lofts	765 East 400 South, Salt Lake City, UT 84102
B 3772	Atmposhperic Science Fruitland Shed	Us 40 At 45000 West, Fruitland, UT
B 3773	Canyon View Apartments	522 West 1428 South, Orem, UT 84058
B 3774	Reserved for Northern Utah County Land Purchase	Orem, UT
B 3775	Reserved for Farmington Land Purchase Building	1119 Roueche Lane, Kaysville, UT 84037
B 3881	HMHI Kem and Carolyn Gardner Mental Health Crisis Care Center	955 West 3300 South, South Salt Lake, UT 84119
B 3901	Redwood Depot Industrial Park - Building E	1810 West Redwood Depot Lane, Salt Lake City, UT 84104
B 3902	Redwood Depot Industrial Park - Building F	1830 West Redwood Depot Lane, Salt Lake City, UT 84104
B 3903	Redwood Depot Building K	1805 W 1040 S, Salt Lake City, UT
B 3904	Community Nursing Clinic	2830 S. Redwood Rd, West Valley City, UT 84119
B 3969	Business and Technical Assistance Center	375 South Carbon Avenue, Price, UT 84501
B 3970	Huntsman at Home Rural	252 S Fairgrounds Rd Ste 118, Price, UT 84501
B 424	American Plaza III	47 West 200 South, Salt Lake City, UT 84101
B 4503	Gateway Tech Center	155 North 400 West, Salt Lake City, UT 84103
B 4581	KUED Communication Facilities - multiple sites	Various Kued Locations - Transmitters
B 4582	UIT Communication - multiple sites	Various Uit Sites
B 470	102 Tower Parking Structure	151 S State St, Salt Lake City, UT
B 480	West Valley Dialysis Center	3854 W 5400 S, Taylorsville, UT 84118
B 483	525 Plaza	525 E 100 S, Salt Lake City, UT 84102
B 484	Univ Health Sciences 515 Tower	515 E 100 S, Salt Lake City, UT 84102
B 485	U Hospital Business Sevices Building Parking Terrace Downtown	127 S 500 E, Salt Lake City, UT 84102
B 520	School of Med/Hospital Shops (demolished 1992)	Salt Lake City, UT 84112
B 558	Reserved - Huntsman Cancer Institute	Salt Lake City, UT
B 559	Reserved - Huntsman Cancer Institute	Salt Lake City, UT
B 562	Health Sciences Garage	1865 E. Medical Drive North, Salt Lake City, UT
B 6413	Utah State Correctional Facility	1480 N 8000 W, Salt Lake City, UT 84116
B 776	West Village Central Plant 2	1895 E Sunnyside Ave, Salt Lake City, UT
B 777	Reserved West Village Future Growth Phase 3	Salt Lake City, UT
B 778	Reserved West Village Future Growth Phase 3	Salt Lake City, UT
B 779	West Village Central Plant Phase 1	1995 E Sunnyside Ave, Salt Lake City, UT
B 780	Reserved West Village Community Center Phase 2	1935 E Sunnyside Ave, Salt Lake City, UT
B 781	Reserved West Village Future Growth Phase 3	Salt Lake City, UT
B 782	Reserved West Village Phase 3	Salt Lake City, UT
B 783	Reserved West Village Future Growth Phase 3	Salt Lake City, UT
B 784	Reserved West Village Future Growth Phase 3	Salt Lake City, UT
B 785	Sunnyside Apts Daycare	1955 E Sunnyside Ave, Salt Lake City, UT 84108
B 786	Reserved West Village Phase 3	Salt Lake City, UT
B 787	Reserved West Village Phase 3	Salt Lake City, UT
B 788	Reserved West Village Future Growth Phase 3	Salt Lake City, UT
B 789	Reserved West Village Phase 3	Salt Lake City, UT
B 790	Reserved West Village Phase 3	Salt Lake City, UT
B 791	Reserved West Village  Grad Residence Bldg C Phase 2	1885 E Sunnyside, Salt Lake City, UT
B 792	Reserved West Village Family Residence Phase 2 Bldg E	1925 E Sunnyside, Salt Lake City, UT
B 793	Reserved West Village Future Growth Phase 3	Salt Lake City, UT
B 794	Reserved West Village Future Growth Phase 3	Salt Lake City, UT
B 795	Reserved West Village Future Growth Phase 3	Salt Lake City, UT
B 796	Cottonwood Family Housing Bldg A	2021 Sunnyside, Salt Lake City, UT
B 797	Cottonwood Family Housing Bldg B	2045 Sunyside, Salt Lake City, UT
B 798	Spruce Graduate Housing Bldg C	2051 Sunnyside, Salt Lake City, UT
B 839	Myriad I	320 Wakara Way, Salt Lake City, UT 84108
B 842	310 Wakara	310 Wakara, Salt Lake City, UT
B 843	Myriad V	305 Chipeta, Salt Lake City, UT 84108
B 844	Myriad II	320 Wakara Way, Salt Lake City, UT 84108
B 850	HMHI TRB Parking Garage	2380 E. Tabby Lane, Salt Lake City, UT
B 862	Research Park Parking Structure (TBD)	South Bldg 875 410 Chipeta (tbd), Salt Lake City, UT
B 867	303 S Chipeta Way Parking Garage	303 S Chipeta Way, Salt Lake City, UT
B 868	320 Wakara Way (Myriad Genetics)	320 Wakara Way, Salt Lake City, UT 84108
B 8681	Reserved Space Planning and Mgt Data Development	Salt Lake City, UT 84108
B 8682	Reserved Space Planning and Mgt Data Development	Salt Lake City, UT 84108
B 8683	Reserved Space Planning and Mgt Data Development	Salt Lake City, UT 84108
B 8684	Reserved Space Planning and Mgt Data Development	Salt Lake City, UT 84108
B 8685	Reserved Space Planning and Mgt Data Development	Salt Lake City, UT 84108
B 8686	Reserved Space Planning and Mgt Data Development	Salt Lake City, UT
B 869	303 Chipeta	303 S Chipeta Way, Salt Lake City, UT 84108
B 880	Reserved for new ARUP building	540 South Chipeta, Salt Lake City, UT 84108
B 889	579 Chipeta Way (Watson Labs)	579 Chipeta Way, Salt Lake City, UT 84108
B 900	Reserved	Salt Lake City, UT
B 9000	Incheon Global Campus Academic Building A	
B 9001	Incheon Global Campus Academic Building B	
B 9002	Incheon Global Campus Academic Building C	
B 9150	University Health Department of Pediatrics Rwanda	Plot N 2 04 09 01 694 Taba Huye, Rwanda
B 9155	Longuo A	Plot No 36 Block B
B 917	Speech Language Hearing Clinic	28 South 100 East, Price, UT 84501
B 919	Olympus Clinic	3981 S Wasatch Blvd, Salt Lake City, UT 84124
B 9920	South Davis Community Hospital	401 South 400 East, Bountiful, UT 84010
B 9950	Structures that are not buildings	
B 9951	Open Space	Salt Lake City, UT
B 9960	Property not in a U building	
B 9970	Shell number for temporary or mobile structures	
B 9971	Temporary Tent at Intermountain Park City Mountain Medical Clinic	1493 Lowell Avenue, Park City, UT 84060
B 9990	Historic Pioneer LimeKiln	40.783071, -111.840462, Salt Lake City, UT 84103
B301	Bldg 301	1735 E S Campus Dr, Salt Lake City, UT 84112
B3633	Muddy Paws Townhouse	55 West Center St, Monticello, UT 84535
B493	Salt Lake City Public Health Center	610 South 200 East, Salt Lake City, UT 84111
B9158	Akright Estate	Plot 217 Kampala-entebbe Road, Bwebajja Dundu
BALLIF	Ballif Hall (Demolished 2006)	1725 E Ballif Rd, Salt Lake City, UT 84112
BCFAC	Brigham City Fine Art Center	58 S 100 W, Bringham City, UT 84302
BD 123	Building 123	259 S 1400 E, Salt Lake City, UT 84112
BD 124	Building 124	1450 Presidents Cir, Salt Lake City, UT 84112
BD 214	Storage Building 214	702 Guardsman Way, Salt Lake City, UT 84108
BD 242	Storage Bldg 242 (now Bldg #214)	702 Guardsman Way, Salt Lake City, UT 84108
BD 243	Football Storage	Guardsman Way, Salt Lake City, UT 84108
BD 250	Pediatrics Clinic	77 S 700 E, Salt Lake City, UT 84102
BD 251	Wendover Clinic	925 Wells Ave, West Wendover, NV 89883
BD 252	Birthcare Clinic	2180 E 4500 S, Salt Lake City, UT 84112
BD 253	St. George Clinic	382 S Bluff S, St George, UT 84770
BD 254	Northeast Family Practice Clinic	70 S 900 E, Salt Lake City, UT 84102
BD 255	1138 Wilmington Ave	1138 Wilmington Ave, Salt Lake City, UT 84106
BD 256	Park City Health Center	1665 Bonanze, Park City, UT 84060
BD 257	Summit Health Center	1750 W Sun Peak Dr, Park City, UT 84098
BD 258	New Car Dealers of Utah Building	6095 Fashion Blvd, Murray, UT 84107
BD 259	Cardiology Clinic (St. George)	595 S Bluff St, St George, UT 84770
BD 260	Park City Ski Clinic	1493 Lowell Ave, Park City, UT 84060
BD 263	Moran Vision Center	6360 S 3000 E, Salt Lake City, UT 84124
BD 264	UUHN - Holladay Center  (now Bldg # 914)	1151 E 3900 S, Salt Lake City, UT 84124-1216
BD 265	UUHN - Davis Center (now Bldg #915)	1492 W Antelope Suite 150, Layton, UT 84041
BD 266	Hospital Home Care	2970 S Main, Salt Lake City, UT 84115
BD 267	Andrology Clinic	1121 E 3900 S Suite C130, Salt Lake City, UT 84124-1286
BD 268	Dermatology Clinic	324 10th Ave Suite 224, Salt Lake City, UT 84103-2865
BD 269	College of Nursing - Midwifery	2107 W 3500 S, West Valley City, UT 84119-3441
BD 270	Heber City Eye Clinic	1485 S Hwy 40, Heber City, UT 84032-3522
BD 271	Canyons Ski Clinic	2000 The Canyons Dr, Park City, UT 84098
BD 272	DFPM Indian Health Proj-WindowRoc	Window Rock Shop Ctr, Window Rock, AZ
BD 273	DFPM Indian Health Proj-Shiprock	Avani Neeze Ctr, Shiprock, NM
BD 274	So Jordan Family Practice Clinic	1091 W S Jordon Pkwy, Salt Lake City, UT
BD 304	Grounds Storage Building	1741 E S Campus Dr, Salt Lake City, UT 84112
BD 307	Fac Maint Storage Bldg (demo 5/02)	1890 Research Rd, Salt Lake City, UT 84112
BD 3106	HMHI Murray	4883 Box Elder St, Murray, UT 84107
BD 316	Storage Building 316 (demo 5/02)	415 S 1820 E, Salt Lake City, UT 84112
BD 318	Warehouse Building #318 (demo 5/02)	419 S 1820 E, Salt Lake City, UT 84112
BD 330	Storage Building 330 (demo 5/02)	440 S 1820 E, Salt Lake City, UT 84112
BD 351	Dept of Energy Admin Offices	On Site Of Current Eccles Genetics Bldg, 84112
BD 352	[DOE]	On Site Of Current Eccles Genetics Bldg, 84112
BD 353	[DOE kennel #6]	On Site Of Current Eccles Genetics Bldg, 84112
BD 354	[DOE kennel #5]	On Site Of Current Eccles Genetics Bldg, 84112
BD 355	[DOR kennel #4]	On Site Of Current Eccles Genetics Bldg, 84112
BD 3559	Bonderman Field Station at Rio Mesa - Small Barn	Utah Bottom On Dolores River 44 Mile E Of Moab, Moab, UT 84532
BD 356	[DOE kennel #3]	On Site Of Current Eccles Genetics Bldg, 84112
BD 3560	Bonderman Field Station at Rio Mesa - Pump House	Utah Bottom On Dolores River, 44 Miles E Of Moab, Moab, UT 84532
BD 3561	Bonderman Field Station at Rio Mesa - Large Barn	Utah Bottom On Dolores River, Moab, UT 84532
BD 3562	Bonderman Field Station at Rio Mesa - Enclosed Gazebo	Utah Bottom On Dolores River 44 Mi E Of Moab, Moab, UT 84532
BD 3563	Bonderman Field Station at Rio Mesa - El Shack	Utah Bottom On Dolores River 44 Mi East Of Moab, Moab, UT 84532
BD 3564	Bonderman Field Station at Rio Mesa - Deck House	Utah Bottom On Dolores River 44 Mi East Of Moab, Moab, UT 84532
BD 3565	Bonderman Field Station at Rio Mesa - Dalton House	Utah Bottom On Dolores River 44 Mi East Of Moab, Moab, UT 84532
BD 3566	Bonderman Field Station at Rio Mesa - Tack Shed	Utah Bottom On Dolores River 44 Mi East Of Moab, Moab, UT 84532
BD 3567	Bonderman Field Station at Rio Mesa - Tank Shack	Utah Bottom On Dolores River 44 Mi East Of Moab, Moab, UT 84532
BD 3568	Bonderman Field Station at Rio Mesa - Susan's Shed	Utah Bottom On Dolores River 44 Mi East Of Moab, Moab, UT 84532
BD 3569	Bonderman Field Station at Rio Mesa - Susan's House	Utah Bottom On Dolores River 44 Mi East Of Moab, Moab, UT 84532
BD 357	[DOE kennel #2]	On Site Of Current Eccles Genetics Bldg, 84112
BD 3570	Desert Valley Dialysis Ctr	350 Falcon Ridge Parkway, Bldg 700, Ste 104, Mesquite, NV 89027
BD 3571	Hurricane Dialysis Ctr	2500 W. State Street, Unit 100, Hurricane, UT 84737
BD 3572	Pleasant View Dialysis	2715 N Hwy 89, Bldg 4, Pleasant View, UT 84414
BD 3573	Wasatch Kidney Specialists	1250 E. 3900 S. Ste 410, Salt Lake City, UT 84124
BD 3574	875 S West Temple	70 West 900 South, Salt Lake City, UT 84101-2954
BD 358	[DOE kennel #1]	On Site Of Current Eccles Genetics Bldg, 84112
BD 359	Dept of Energy	On Site Of Current Eccles Genetics Bldg, 84112
BD 3627	Red Zone Plaza at Jordan Landing	7128 South Plaza Center Dr, West Jordan, UT 84084
BD 379	Health Sciences Bldg 379	27 So. Mario Capecchi Drive, Salt Lake City, UT 84132
BD 3879	3363 South 1000 West	3363 South 1000 West, South Salt Lake, UT
BD 402	Gross Anatomy Lab (demolished 1989)	On Current Site Of Bldg 465 (eej), Salt Lake City, UT 84112
BD 407	Facilities Maintenance Storage (demolished 1989)	On Current Site Of Lds Institute On W. Side Of Church Triangle, Salt Lake City, UT 84112
BD 413	Middle East Center (demolished 1999)	Central Campus Drive On Current Site Of Pkg Lot 11, Salt Lake City, UT 84112
BD 416	Storage Bldg 416 (demolished 2000)	In Church Triangle S. Of Huntsman Spec Events Ctr, Salt Lake City, UT 84112
BD 418	Storage Bldg 416 (demolished 2000)	In Church Triangle S. Of Huntsman Spec Events Ctr, Salt Lake City, UT 84112
BD 419	Surgery (demolished 2000)	West Of Bldg 702 S. Medical Student Apartment Tower, Salt Lake City, UT 84112
BD 423	Storage Building 423 (demo 5/02)	1894 Research Rd, Salt Lake City, UT 84112
BD 428	Building 428 (demolished 1989	S. Of Bldg 589 Eccles Health Sci Library, Salt Lake City, UT 84112
BD 430	Storage Building 430 (demolished)	440 S 1820 E, Salt Lake City, UT 84112
BD 439	Department of Chemical Engineering	537 West 600 South, Salt Lake City, UT 84101
BD 440	Institute for Clean and Secure Energy Shop	870 S 500 W, Salt Lake City, UT 84101
BD 441	Chemical Eng ICGRF Offices	880 S 500 W, Salt Lake City, UT 84101
BD 442	Hospital Records (Utah Bank Bldg)	134 S 400 E, Salt Lake City, UT 84111
BD 443	Chemical Eng ICGRF Lab	566 W 900 S, Salt Lake City, UT 84119
BD 444	EGI Sample Storage	865 S 600 W, Salt Lake City, UT 84101
BD 445	Warehouse Storage Building	830 S 500 W, Salt Lake City, UT 84101
BD 446	University Neighborhood Partners #1	1060 S 900 W, Salt Lake City, UT 84104
BD 447	Physics Shop Building	523 W, 800 S, Salt Lake City, UT 84101
BD 448	Davis Dialysis Center (Lakeside)	532 S 500 W, Bountiful, UT 84010-7208
BD 471	Farmington Bay Dialysis	942 S Main, Layton, UT
BD 472	Yellowstone Dialysis	1180 Summers Drive, Rexbury, ID
BD 473	Iron Mission Dialysis Center	1277 Northfield Rd., Cedar City, UT 84721
BD 474	Bonneville Dialysis Center	5575 S 500 E, Ogden, UT 84405-6907
BD 475	Castleview Dialysis Center	230 N Hospital Dr, Suite 1, Price, UT 84501-4234
BD 476	Dixie Dialysis Center	720 S River Rd Suite D1100, St George, UT 84790-5507
BD 477	Idaho Falls Dialysis Center	2225 Teton Plaza, Idaho Falls, ID 83404-6486
BD 478	South Valley Dialysis Center	8750 S Sandy Pkwy, Sandy, UT 84070-6405
BD 479	Provo Nephrology	1675 N Freedom Blvd, Suite 15, Provo, UT 84604-2540
BD 481	American Fork Dialysis Center	129 North, 1220 East State Street, American Fork, UT 84003
BD 490	St. Mark's Hospital Clinics	1250 E 3900 S, Salt Lake City, UT 84120
BD 505	Building #505 (demolished)	9 N Medical Dr E, Salt Lake City, UT 84112
BD 508	Building #508 (demolished)	45 E 2000 E, Salt Lake City, UT 84112
BD 513	Storage Bldg 513 (demolished)	29 S 2000 E, Salt Lake City, UT 84112
BD 515	Storage Building 515	101 S 2000 E, Salt Lake City, UT 84112
BD 516	Radiological Health Storage Bdg 516	97 S 2000 E, Salt Lake City, UT 84112
BD 518	Dental Education (demolished 1992)	On Current Site Of Bldg #570 (biopolymers Res), Salt Lake City, UT 84112
BD 571	Proffessional Training Bldg Project (never built)	On Site Of Bldg 575 (hseb), Salt Lake City, UT
BD 572	HSC Multipurpose Bldg Project (never built)	On Site Of Bldg 575 (hseb), Salt Lake City, UT
BD 690	St. Mark's Hospital Clinics (now Bldg #490)	1200 E 3900 S, Salt Lake City, UT 84120
BD 701	University Student Apts Tower 1	60 S 2030 E, Salt Lake City, UT 84108
BD 702	University Student Apts Tower 2	90 S 2030 E, Salt Lake City, UT 84108
BD 706	Univ. Student Apts Townhouses 3	70 S 2030 E, Salt Lake City, UT 84108
BD 707	Univ. Student Apts Townhouses 2	80 S 2030 E, Salt Lake City, UT 84108
BD 720	Univ. Student Apts Maintenance Fac	1945 Sunnyside Ave, Salt Lake City, UT 84108
BD 721	University Student Apts Office	1945 Sunnyside Ave, Salt Lake City, UT 84108
BD 722	University Student Apts Storage	1945 Sunnyside Ave, Salt Lake City, UT 84108
BD 723	University Village West 100A	1945 Sunnyside Ave, Salt Lake City, UT 84108
BD 724	University Village West 100B	1945 Sunnyside Ave, Salt Lake City, UT 84108
BD 725	University Village West 100C	1945 Sunnyside Ave, Salt Lake City, UT 84108
BD 726	University Village West 200A	1945 Sunnyside Ave, Salt Lake City, UT 84108
BD 727	University Village West 200B	1945 Sunnyside Ave, Salt Lake City, UT 84108
BD 728	University Village West 200C	1945 Sunnyside Ave, Salt Lake City, UT 84108
BD 729	University Village West 200D	1945 Sunnyside Ave, Salt Lake City, UT 84108
BD 730	University Village West 300A	1945 Sunnyside Ave, Salt Lake City, UT 84108
BD 731	University Village West 300B	1945 Sunnyside Ave, Salt Lake City, UT 84108
BD 732	University Village West 300C	1945 Sunnyside Ave, Salt Lake City, UT 84108
BD 733	University Village West 300D	1945 Sunnyside Ave, Salt Lake City, UT 84108
BD 734	University Village West 400A	1945 Sunnyside Ave, Salt Lake City, UT 84108
BD 735	University Village West 400B	1945 Sunnyside Ave, Salt Lake City, UT 84108
BD 736	University Village West 400C	1945 Sunnyside Ave, Salt Lake City, UT 84108
BD 737	University Village West 400D	1945 Sunnyside Ave, Salt Lake City, UT 84108
BD 738	University Village West 500A	1945 Sunnyside Ave, Salt Lake City, UT 84108
BD 739	University Village West 500B	1945 Sunnyside Ave, Salt Lake City, UT 84108
BD 740	University Village West 500C	1945 Sunnyside Ave, Salt Lake City, UT 84108
BD 741	University Village West 500D	1945 Sunnyside Ave, Salt Lake City, UT 84108
BD 742	University Village West 600A	1945 Sunnyside Ave, Salt Lake City, UT 84108
BD 743	University Village West 600B	1945 Sunnyside Ave, Salt Lake City, UT 84108
BD 744	University Village West 600C	1945 Sunnyside Ave, Salt Lake City, UT 84108
BD 745	University Village West 600D	1945 Sunnyside Ave, Salt Lake City, UT 84108
BD 746	University Village West 700A	1945 Sunnyside Ave, Salt Lake City, UT 84108
BD 747	University Village West 700B	1945 Sunnyside Ave, Salt Lake City, UT 84108
BD 748	University Village West 700C	1945 Sunnyside Ave, Salt Lake City, UT 84108
BD 749	University Village West 100D	1945 Sunnyside Ave, Salt Lake City, UT 84108
BD 750	University Village West 800A	1945 Sunnyside Ave, Salt Lake City, UT 84108
BD 751	University Village West 800B	1945 Sunnyside Ave, Salt Lake City, UT 84108
BD 752	University Village West 800C	1945 Sunnyside Ave, Salt Lake City, UT 84108
BD 753	University Village West 900A	1945 Sunnyside Ave, Salt Lake City, UT 84108
BD 754	University Village West 900B	1945 Sunnyside Ave, Salt Lake City, UT 84108
BD 755	University Village West 900C	1945 Sunnyside Ave, Salt Lake City, UT 84108
BD 756	University Village West 900D	1945 Sunnyside Ave, Salt Lake City, UT 84108
BD 757	University Village West 1000A	1945 Sunnyside Ave, Salt Lake City, UT 84108
BD 758	University Village West 1000B	1945 Sunnyside Ave, Salt Lake City, UT 84108
BD 759	University Village West 1000C	1945 Sunnyside Ave, Salt Lake City, UT 84108
BD 761	University Village East 1100A	750 Arapeen, Salt Lake City, UT 84108
BD 762	University Village East 1100B	750 Arapeen, Salt Lake City, UT 84108
BD 763	University Village East 1100C	750 Arapeen, Salt Lake City, UT 84108
BD 764	University Village East 1100D	750 Arapeen, Salt Lake City, UT 84108
BD 765	University Village East 1200A	750 Arapeen, Salt Lake City, UT 84108
BD 766	University Village East 1200B	750 Arapeen, Salt Lake City, UT 84108
BD 767	University Village East 1300A	750 Arapeen, Salt Lake City, UT 84108
BD 768	University Village East 1300B	750 Arapeen, Salt Lake City, UT 84108
BD 769	University Village East 1400A	750 Arapeen, Salt Lake City, UT 84108
BD 770	University Village East 1400B	750 Arapeen, Salt Lake City, UT 84108
BD 771	University Village East 1400C	750 Arapeen, Salt Lake City, UT 84108
BD 772	University Village East 1400D	750 Arapeen, Salt Lake City, UT 84108
BD 773	University Village East 1500A	750 Arapeen, Salt Lake City, UT 84108
BD 774	University Village East 1500B	750 Arapeen, Salt Lake City, UT 84108
BD 901	UUHN - Greenwood Center	7495 S State, Midvale, UT 84047-2095
BD 902	UUHN - Parkway Center	145 W University Pkwy, Orem, UT 84058-7350
BD 903	UUHN - Westridge Center	3730 W 4700 S, West Valley City, UT 84118
BD 905	UUHN - Mt. Odgen Center	1890 S 1350 W, Ogden, UT 84401
BD 906	UUHN - Administration Building	2589 S Main, Salt Lake City, UT 84115
BD 907	UUHN - Offices	35 W Broadway, Salt Lake City, UT 84101-2004
BD 908	UUHN - Stansbury Medical Center	220 Millpond Rd, Tooele, UT 84074
BD 909	UUHN - Rocky Mt. Medical Center	2500 S State, Salt Lake City, UT 84115
BD 914	UUHN - Holladay Center	1151 E 3900 S, Salt Lake City, UT 84124-1216
BD 915	UUHN - Davis Center	1492 W Antelope Drive, Layton, UT 84041
BD 916	UUHN - Redstone Center	1743 W Redstone Ctr Dr, Park City, UT 84098
BD 918	Centerville Health Center	26 S Main, Centerville, UT 84014
BD 933	Football Team Storage Unit 1	Off Guardsman Way W. Of Spence Eccles Field House, Salt Lake City, UT 84112
BD 934	Football Team Storage Trailer	Off Guardsman Way W. Of Spence Eccles Field House, Salt Lake City, UT 84112
BD 935	Football Team Storage Unit 2	Off Guardsman Way W. Of Spence Eccles Field House, Salt Lake City, UT 84112
BD 936	Athletics Storage	Off Guardsman Way W. Of Spence Eccles Field House, Salt Lake City, UT 84112
BD 937	Athletics Storage	Off Guardsman Way W. Of Bldg 213 Libr. Stor, Salt Lake City, UT 84112
BD 938	Parking Services Storage Unit 1	Off Guardsman Way W. Of Spence Eccles Field House, Salt Lake City, UT 84112
BD 939	Parking Services Storage Unit 2	Off Guardsman Way W. Of Spence Eccles Field House, Salt Lake City, UT 84112
BD 941	Storage Unit	Off Guardsman Way Sw. Of Spence Eccles Field House, Salt Lake City, UT 84112
BD 942	Band Storage	Off Guardsman Way W. Of Bldg 213 Libr. Stor, Salt Lake City, UT 84112
BD 943	Sundance Children's Theater Storage	Off Guardsman Way W. Of Bldg 213 Libr. Stor, Salt Lake City, UT 84112
BD 944	Parking Services Temporary Office 1	Off Guardsman Way W. Of Bldg 213 Libr. Stor, Salt Lake City, UT 84112
BD 945	Parking Services Temporary Office 2	Off Guardsman Way W. Of Bldg 213 Libr. Stor, Salt Lake City, UT 84112
BD 946	Parking Services Temporary Office 3	Off Guardsman Way W. Of Bldg 213 Libr. Stor, Salt Lake City, UT 84112
BD 950	North Trailer	61 N 1900 E, Salt Lake City, UT 84112
BD 951	South Trailer	55 N 1900 E, Salt Lake City, UT 84112
BD 952	AirMed Hangar Base Park City	7867 Silver Gate Drive, Park City, UT 84098
BD 953	Trailer	51 N 1900 E, Salt Lake City, UT 84112
BD 954	Moran Trailer	135 N Medical Dr E, Salt Lake City, UT 84112
BD 955	Temp Helipad Trailer 1	(lot 81 Hsc), Salt Lake City, UT 84112
BD 956	HCH Pathology Trailer	2000 Circle Of Hope, Salt Lake City, UT 84112
BD 957	Temp Helipad Trailer 2	(lot 81 Hsc), Salt Lake City, UT 84112
BD1001	Brooks Arcade	300 S State, Salt Lake City, UT 84111-2303
BDD904	UUHN - Redwood Center	1525 W 2100 S, Salt Lake City, UT 84119
BDG696	Building 696 (demolished)	800 N 350 W, Salt Lake City, UT 84103
BEH S	Social & Behavioral Sciences	380 S 1530 E, Salt Lake City, UT 84112
BIKE	Campus Bike Shop	413 Campus Ctr. Dr., Salt Lake City, UT 84112
BIOL	Biology Building	257 S 1400 E, Salt Lake City, UT 84112
BIOL S	Biology Growth Site	2090 E Pollock Rd, Salt Lake City, UT 84112
BLD376	Frazier nee State Dept of Health, North	Salt Lake City
BLDG 3506	State of Utah Center at Academy Sq	950 East 25th Street, Ogden, UT 84401
BLDG 3536	SL Regional Building 2	168 North 1950 West, Salt Lake City, UT 84116
BLDG 72	Building 72	332 S 1400 E, Salt Lake City, UT 84112
BLG GR	Buildings & Grounds	1755 E S Campus Dr, Salt Lake City, UT 84112
BP 820	Benchmark Plaza 820	2135 Red Butte Rd, Salt Lake City, UT 84113
BP 821	Benchmark Plaza 821	2141 Red Butte Rd, Salt Lake City, UT 84113
BP 822	Housing and Residential Living BP 822	2131 Red Butte Rd, Salt Lake City, UT 84113
BPRB	Biomedical Polymers Research Building	20 S 2030 E, Salt Lake City, UT 84112
BRIDGE	George S. Eccles 2002 Legacy Bridge	228 S Mario Capecchi Drive, Salt Lake City, UT 84112
BTS	Biology/Theatre Storage	305 S 1400 E, Salt Lake City, UT 84112
BU C	Business Classroom Building	1635 Campus Ctr Dr, Salt Lake City, UT 84112
BUS 1	Bus Shelter #1 ("HPER stop")	1745 E Central Campus Dr, Salt Lake City, UT 84112
BUS 10	Bus Shelter #10 (SE from FAMB)	1670 E Central Campus Dr, Salt Lake City, UT 84112
BUS 11	Bus Shelter #11 (SE corner Pres Cir)	225 University St, Salt Lake City, UT 84112
BUS 12	Bus Shelter #12 ("Ozone Stop")	13 South Wasatch Dr, Salt Lake City, UT 84112
BUS 13	Bus Shelter #13 ("Med Ctr. Trax Stop")	1 Mario Capecchi Dr, Salt Lake City, UT 84132
BUS 15	Bus Shelter #15 Arapeen Stop	699 Arapeen Dr, Salt Lake City, UT 84108
BUS 16	Bus Shelter #16 "Ortho Stop"	560 Wakara Way, Salt Lake City, UT 84108
BUS 2	Bus Shelter #2 ("Huntsman stop")	1801 E. S. Campus Dr., Salt Lake City, UT 84112
BUS 3	Bus Shelter #3 ("S. Campus/LDS stop")	1802 E., S. Campus Dr., Salt Lake City, UT 84112
BUS 4	Bus Shelter #4 ("PCMC stop")	71 Mario Capecchi Drive, Salt Lake City, UT 84112
BUS 5	Bus Shelter #5 ("Kennecott stop")	94 S N Campus Dr, Salt Lake City, UT 84112
BUS 6	Bus Shelter #6  (Reserved for a future "Sutton stop) removed	1515 E 100 S, Salt Lake City, UT 84112
BUS 7	Bus Shelter #7 LAW stop	1395 E S Campus Dr, Salt Lake City, UT 84112
BUS 8	Bus Shelter #8 ("Social Work stop")	1545 E S Campus Dr, Salt Lake City, UT 84112
BUS 9	Bus Shelter #9 (across street from Soc Wk)	1540 E S Campus Dr, Salt Lake City, UT 84112
C HALL	Carlson Hall (Demolished 2013)	380 S 1400 E, Salt Lake City, UT 84112
CAULD	Olympic Cauldron	1485 E 500 S, Salt Lake City, UT 84112
CC 760	Univ Village West Comm Center	1945 Sunnyside Ave, Salt Lake City, UT 84108
CC 775	Univ Village East Comm Center	1601 University Village East, Salt Lake City, UT 84108
CFC	Spence Clark Football Center	475 S 1400 E, Salt Lake City, UT 84112
CG 802	Chapel Glen 802	90 Connor Rd, Salt Lake City, UT 84113
CG 803	Chapel Glen 803	80 Connor Rd, Salt Lake City, UT 84113
CG 804	Chapel Glen 804	102 Connor Rd, Salt Lake City, UT 84113
CHCTR	The Children's Center	1855 E Medical Dr, Salt Lake City, UT 84132
CITY CB	City Centre Building	175 E 400 S, Salt Lake City, UT 84111-2327
CMC	Comparative Medicine Center	50 N 2030 E, Salt Lake City, UT 84112
CME	Civil and Materials Engineering	122 Central Campus Dr, Salt Lake City, UT 84112
CNB	Annette Poulson Cumming College of Nursing Building	10 S 2000 E, Salt Lake City, UT 84112
CNC	Clinical Neurosciences Building	175 N Medical Dr E, Salt Lake City, UT 84132
CPG	Central Garage	1700 Campus Center Drive, Salt Lake City, UT 84112
CRCC	C. Roland Christensen Center	1637 Campus Ctr Dr, Salt Lake City, UT 84112
CSBB	Commuter Services Bike Barn	318 S 1850 E, Salt Lake City, UT 84112
CSC	The Gary L. and Ann T. Crocker Science Center at the George Thomas Building	1390 Presidents Circle, Salt Lake City, UT 84112
CSFOB	Commuter Services Field Operations Building	311 Fort Douglas Blvd, Salt Lake City, UT 84113
CTIHB	Carolyn Tanner Irish Humanities Building	215 Central Campus Dr, Salt Lake City, UT 84112
CVC	Walter P. Cottam Visitor Center	300 Wakara Way, Salt Lake City, UT 84108
CVMB	CVMB Research (demolished 1998)	Salt Lake City, UT 84112
CVRTI	Nora Eccles and Richard A. Harrison Building	95 S 2000 E, Salt Lake City, UT 84112
DDB	Ezekiel R. & Edna Wattis Dumke Building	85 N Medical Dr E, Salt Lake City, UT 84112
DEEPWELL1	Deep Well #1 (Stad Parking)	498 S 1350 East, Salt Lake City, UT 84112
DFSS	Dumke Family Softball Stadium	66 South Wasatch Drive, Salt Lake City, UT 84112
DGC	Dumke Gymnastics Center	230 S 1850 E, Salt Lake City, UT 84112
DGH	David P. Gardner Hall	1375 Presidents Cir, Salt Lake City, UT 84112
DHOC	Kay and Zeke Dumke, Jr. Horticultural Operations Center	2190 East Red Butte Canyon Road, Salt Lake City, UT 84113
DHPEB	Dr. Ezekiel R. and Edna Wattis Dumke Health Professions Building	520 Wakara Way, Salt Lake City, UT 84108
DUG SE	Dugway Seismograph	Salt Lake City, UT 84022
DUGOUT	Baseball Dugouts	733 Guardsman Way, Salt Lake City, UT 84108
E LIB	Spencer S. Eccles Health Sciences Library	21 N 2000 E, Salt Lake City, UT 84112
EBC	Dolores Dore Eccles Broadcast Center	101 Wasatch Dr, Salt Lake City, UT 84112
ECCLES	Spencer S. Eccles Health Sciences Library (now 589)	10 N 1900 E, Salt Lake City, UT 84112
ECCP	George S. and Dolores Dore Eccles Critical Care Pavilion	50 N Medical Dr, Salt Lake City, UT 84132
ECP	East Campus Chiller/HTW Plant	20 S Medical Dr E, Salt Lake City, UT 84112
ED RES	Education Research Bldg (demolished in 1999)	1703 E S Campus Dr, Salt Lake City, UT 84112
EEJMRB	Emma Eccles Jones Medical Research Building	15 N Medical Dr E, Salt Lake City, UT 84112
EH	Eccles House	1525 Penrose Dr, Salt Lake City, UT 84103
EHSEB	Spencer F. and Cleone P. Eccles Health Sciences Education Building	25 S 2000 E, Salt Lake City, UT 84112
EIHG	George and Dolores Eccles Institute of Human  Genetics	15 N 2030 E, Salt Lake City, UT 84112
ELV8	Elevate on 5th	343 S. 500 East, Salt Lake City, UT
EPCOS	Eccles Primary Children's Outpatient Services Building	81 North Mario Capecchi Drive, Salt Lake City, UT 84113
EPCOS2	Reserved - PCMC Amb Phase II	111 North Mario Capecchi Dr
EQUIP	Red Butte Equipment Building	2190 Red Butte Canyon Road, Salt Lake City, UT 84112
ERTL	Environmental Rad Tox Lab	1771 S 900 W, Salt Lake City, UT
ESB	Experimental Studies Building	160 Central Campus Dr, Salt Lake City, UT 84112
ESS M	Electrical Substation Medical	1845 E N Campus Dr, Salt Lake City, UT 84112
ESS RB	Electrical Substation Red Butte	2130 Pollock Rd, Salt Lake City, UT 84112
ESS S	Electrical Substation Stadium	435 S 1500 E, Salt Lake City, UT 84112
FAMB	Francis Armstrong Madsen Building (Demolished 2009)	1655 Campus Ctr Dr, Salt Lake City, UT 84112
FASB	Frederick Albert Sutton Building	115 S 1460 E, Salt Lake City, UT 84112-0102
FAW	Fine Arts West	274 S University St, Salt Lake City, UT 84102
FD 601	Fort Douglas Duplex	75 Fort Douglas Blvd, Salt Lake City, UT 84113
FD 602	Fort Douglas Duplex	85 Fort Douglas Blvd, Salt Lake City, UT 84113
FD 603	Center for Community & Cultural Engagement	95 Fort Douglas Blvd, Salt Lake City, UT 84113
FD 605	Environmental Health & Safety	125 Fort Douglas Blvd, Salt Lake City, UT 84113-5036
FD 606	Fort Douglas Duplex	151 Officers Circle, Salt Lake City, UT 84113
FD 607	Emma Eccles Jones Fine Arts House	155 Officers Circle, Salt Lake City, UT 84113
FD 608	S.J. and Jessie Eccles Quinney House	161 Officers Circle, Salt Lake City, UT 84113
FD 609	First Security House	165 Officers Circle, Salt Lake City, UT 84113
FD 610	Poulson House	171 Officers Circle, Salt Lake City, UT 84113
FD 612	O.C. Tanner Humanities House	185 Officers Circle, Salt Lake City, UT 84113
FD 613	Gary and Ann Crocker Science House	195 Officers Circle, Salt Lake City, UT 84113
FD 614	Lowell Bennion Service House	205 Officers Circle, Salt Lake City, UT 84113
FD 615	Fort Douglas Duplex	215 Officers Circle, Salt Lake City, UT 84113
FD 616	Fort Douglas Duplex	98 Connor Rd, Salt Lake City, UT 84113
FD 617	Fort Douglas Duplex	96 Connor Rd, Salt Lake City, UT 84113
FD 618	Fort Douglas Triplex	1995 De Trobriand St, Salt Lake City, UT 84113
FD 619	Fort Douglas Honors Center	1975 De Trobriand St, Salt Lake City, UT 84113
FD 620	Fort Douglas Commander's House	1965 De Trobriand St, Salt Lake City, UT 84113
FD 621	Fort Douglas House	1945 Detrobriand St, Salt Lake City, UT 84113
FD 623	Fort Douglas House	1915 De Trobriand St, Salt Lake City, UT 84113
FD 624	Fort Douglas House	220 Chase St, Salt Lake City, UT 84113
FD 625	Fort Douglas House	230 Chase St, Salt Lake City, UT 84113
FD 626	Fort Douglas-Residential Storage	2104 East Stover St, Salt Lake City, UT 84113
FD 627	Fort Douglas-Property Surplus	2110 East Stover Street, Salt Lake City, UT 84113
FD 631	Fort Douglas Museum	1990 Potter St, Salt Lake City, UT 84113
FD 632	Fort Douglas Museum	2000 Potter Street, Salt Lake City, UT 84113
FD 634	Fort Douglas Bandstand	173 Fort Douglas Blvd, Salt Lake City, UT 84113
FD 636	Fort Douglas Theatre	245 Fort Douglas Blvd, Salt Lake City, UT 84113
FD 637	Fort Douglas Storage (demolished 1999)	2095 Red Butte Rd, Salt Lake City, UT 84113
FD 638	Fort Douglas PX	255 Fort Douglas Blvd, Salt Lake City, UT 84113
FD 639	Fort Douglas R.R.	2099 Red Butte Rd, Salt Lake City, UT 84113
FD 640	Fort Douglas Bowling Alley	2070 Stover St, Salt Lake City, UT 84113
FD 641	Fort Douglas Bunker (demolished 1999)	2097 Red Butte Rd, Salt Lake City, UT 84113
FD 643	Fort Douglas Storage (Res Liv)	289 Fort Douglas Blvd, Salt Lake City, UT 84113
FD 644	Fort Douglas PO Shops	301 Fort Douglas Blvd, Salt Lake City, UT 84113
FD 645	Fort Douglas Storage (Plumb)	2152 Pollock Rd, Salt Lake City, UT 84113
FD 648	Fort Douglas Chapel	120 Fort Douglas Blvd, Salt Lake City, UT 84113
FD 649	Fort Douglas Officers Club	150 Fort Douglas Blvd, Salt Lake City, UT 84113
FD 650	Ft Douglas- Hive Pizzeria	2160 Red Butte Canyon Road, Salt Lake City, UT 84113
FD 651	Ft Douglas Pump House (demolished 1999)	2150 Red Butte Rd, Salt Lake City, UT 84113
FD 653	Fort Douglas House	145 Connor Rd, Salt Lake City, UT 84113
FD 654	Fort Douglas NCO Club (demolished 1999)	151 Connor St, Salt Lake City, UT 84113
FD 655	Fort Douglas Museum	165 Connor Rd, Salt Lake City, UT 84113
FD 656	Fort Douglas Duplex	175 Connor Rd, Salt Lake City, UT 84113
FD 657	Fort Douglas Duplex	185 Connor Rd, Salt Lake City, UT 84113
FD 658	Fort Douglas Duplex	195 Connor Rd, Salt Lake City, UT 84113
FD 659	Fort Douglas-Public Safety	2125 Red Butte Canyon Rd, Salt Lake City, UT 84113
FD 660	Fort Douglas Duplex	221 Connor Rd, Salt Lake City, UT 84113
FD 661	Fort Douglas House	229 Connor Rd, Salt Lake City, UT 84113
FD 662	Fort Douglas House	237 Connor Rd, Salt Lake City, UT 84113
FD 663	Fort Douglas House	243 Connor Rd, Salt Lake City, UT 84113
FD 664	Fort Douglas Duplex	251 Connor Rd, Salt Lake City, UT 84113
FD 665	Fort Douglas-Red Butte	261 Connor Rd, Salt Lake City, UT 84113
FD 666	Fort Douglas-Red Butte	285 Connor Rd, Salt Lake City, UT 84113
FD 670	Outdoor Recreation Boat House	2170 Red Butte Canyon Road, Salt Lake City, UT 84113
FD 676	Fort Douglas Residential Living	277 Fort Douglas Blvd, Salt Lake City, UT 84113
FD KEN	Kennecott House	175 Officers Circle, Salt Lake City, UT 84113
FLD H	Einar Nielsen Fieldhouse	375 S 1400 E, Salt Lake City, UT 84112
FMAB	Film and Media Arts Building	370 S 1530 E, Salt Lake City, UT 84112
FS1	Fashion Sq #1 (demolished)	235 E. 6100 S, Murray, UT 84107
FS2	Fashion Sq #2 (demolished)	195 E. 6100 S, Murray, UT 84107
FS3	Fashion Sq #3	6056 Fashion Sq. Dr., Murray, UT 84107
FS4	Fashion Sq #4	6053 Fashion Square Drive, Murray, UT 84107
GARFF	Robert H. and Katharine B. Garff Executive Education Building	1731 Campus Center Dr, Salt Lake City, UT 84112
GAS ST	Motor Pool Gas Station	1785 E S Campus Dr, Salt Lake City, UT 84112
GC	Carolyn and Kem Gardner Commons	260 Central Campus Dr, Salt Lake City, UT
GETC	George S. Eccles Tennis Center Outdoor	550 Guardsman Way, Salt Lake City, UT 84108
GH #3	Greenhouse #3 (demolished)	2197 S Campus Dr, Salt Lake City, UT 84112
GH 806	Gateway Heights 806	120 Connor Rd, Salt Lake City, UT 84113
GH 807	Gateway Heights 807	160 Connor Rd, Salt Lake City, UT 84113
GH ARB	Arboretum Greenhouse	2190 Red Butte Canyon Road, Salt Lake City, UT 84112
GH S	Greenhouse Storage (demolished)	2199 S Campus Dr, Salt Lake City, UT 84112
GLF SH	Golf Pro Shop	70 Central Campus Dr, Salt Lake City, UT 84112
GOLF R	Golf Rest Rooms (Demolished 2010)	80 Central Campus Dr, Salt Lake City, UT 84112
GOLF S	Golf Storage (Demolished 2010)	94 Central Campus Dr, Salt Lake City, UT 84112
GROSSA	Gross Anatomy Lab (demolished)	5 N Medical Dr E, Salt Lake City, UT 84112
GSB	Geoscience Services	130 S 1460 E, Salt Lake City, UT 84112
GSESLC	George S Eccles Student Life Center	1836 East Student Life Way, Salt Lake City, UT 84112
GUEST	University Guest House	110 Fort Douglas Blvd, Salt Lake City, UT 84113-5036
H ARCH	Hoberman Arch	1495 E 500 S, Salt Lake City, UT 84112
HAN PL	Hansen Planetarium	15 S State, Salt Lake City, UT 84111
HANPUB	Hansen Planetarium Publications	1845 S 300 W, Salt Lake City, UT 84115
HBF	Jon M. and Karen Huntsman Basketball Facility	294 South 1850 East, Salt Lake City, UT 84112
HCH	Huntsman Cancer Hospital	1950 Circle Of Hope, Salt Lake City, UT 84112
HCH V	Kathryn F. Kirk Center for Comprehensive Cancer Care and Women's Cancers	1900 E. Circle Of Hope, Salt Lake City, UT
HCI IV	Huntsman Cancer Institute - Primary Children's and Families' Cancer Research Center	100 North Circle Of Hope, Salt Lake City, UT 84112
HCI NORTH	Huntsman Cancer Institute	2000 Circle Of Hope, Salt Lake City, UT 84112
HCIG	Huntsman Cancer Institute Garage	1920 East North Campus Drive, Salt Lake City, UT 84112
HEAT M	Heating Maintenance	2032 Medical Dr S, Salt Lake City, UT 84112
HEB	Henry Eyring Chemistry Building	315 S 1400 E, Salt Lake City, UT 84112
HELI	Helipad Garage	150 N Medical Dr, Salt Lake City, UT 84112
HELIX	Healthcare, Educators, Leaders and Innovators Complex	30 No. Mario Capecchi Drive, Salt Lake City, UT
HMHI	Huntsman Mental Health Institute	501 Chipeta Way, Salt Lake City, UT 84108
HMHI TRB	Huntsman Mental Health Institute Translational Research Building	470 South Colorow Dr., Salt Lake City, UT
HON CTR	Fort Douglas Honors Center	1975 De Trobriand St, Salt Lake City, UT 84113
HOSPPL	Hospital Generating Plant	50 N Medical Dr, Salt Lake City, UT 84132
HOTEL	HSC Hotel & Mixed Use Facility	10 N Medical Dr, Salt Lake City, UT
HPEB	Dr. Ezekiel R. and Edna Wattis Dumke Health Professions Building	520 Wakara Way, Salt Lake City, UT 84108
HPR E	HPER East	260 S 1850 E, Salt Lake City, UT 84112
HPR N	HPER North	250 S 1850 E, Salt Lake City, UT 84112
HPR SE	HPER Building Mech S/E	298 S 1850 E, Salt Lake City, UT 84112
HPR SW	HPER Building Mech S/W	302 S 1850 E, Salt Lake City, UT 84112
HPR W	HPER West	290 S 1850 E, Salt Lake City, UT 84112
HPRNAT	HPER Natatorium	270 S 1850 E, Salt Lake City, UT 84112
HS CORE	HSC Core Research Facility	30 N 2030 E, Salt Lake City, UT 84112
HSO261	St. George Dialysis Clinic	700 S River Rd, St George, UT 84790
HSO262	Sandy Dialysis Clinic	8750 Sandy Pkwy, Sandy, UT 84070
HTW	High Temperature Water Plant	1705 E S Campus Dr, Salt Lake City, UT 84112
IHPE	Impact Health & Prosperity Epicenter Building	1755 East Student Life Way, Salt Lake City, UT
INSCC	Intermountain Network & Scientific Computation Center	155 S 1452 E, Salt Lake City, UT 84112
INSTPK	LDS Garage	1850 E S Campus Dr, Salt Lake City, UT 84112
IUH	Ivory University House	434 S. Mario Capecchi Drive, Salt Lake City, UT 84111
JFB	James C. Fletcher Building	115 S 1400 E, Salt Lake City, UT 84112
JHC	Jon M. Huntsman Center	1825 East Campus Dr, Salt Lake City, UT 84112
JNPR	Juniper Building	3852 W Real Vista Drive, Herriman, UT 84096
JTB	James Talmage Building	1430 Presidents Cir, Salt Lake City, UT 84112
JWB	John A. Widtsoe Building	155 S 1400 E, Salt Lake City, UT 84112
KBAC	Kenneth P. Burbidge, Jr., Family Athletics Academic Center	296 S 1850 E, Salt Lake City, UT 84112
KDGB	Ken Garff Building (Demolished 2012)	1645 Campus Ctr Dr, Salt Lake City, UT 84112
KH	Joseph T. Kingsbury Hall	1395 Presidents Cir, Salt Lake City, UT 84112
KV	Kahlert Village South Campus Student Housing	265 South 1850 East, Salt Lake City, UT 84112
LAW	S.J.Quinney College of Law	383 South University Street, Salt Lake City, UT 84112
LCB	LeRoy E. Cowles Building	1425 Presidents Cir, Salt Lake City, UT 84112
LEAP HOUSE	LEAP House	125 Connor Rd, Salt Lake City, UT 84113
LEB	Alan W. Layton Engineering Building	124 Central Campus Dr, Salt Lake City, UT 84112
LGA	David S. Layton Golf Academy	595 S.guardsman Way, Salt Lake City, UT 84108
LIB SG	Library Storage	666 Guardsman Way, Salt Lake City, UT 84108
LNCO	Language & Communication Building	255 Central Campus Dr, Salt Lake City, UT 84112
LS	Life Science Building	255 S 1400 E, Salt Lake City, UT 84112
LSND	Lassonde Studios	1701 Student Life Way, Salt Lake City, UT 84112
LSSB	L.S. Skaggs Applied Science Building	275 S University Street, Salt Lake City, UT 84112
M LI	J. Willard Marriott Library	295 S 1500 E, Salt Lake City, UT 84112
M LIB	J. Willard Marriott Library	295 S 1500 E, Salt Lake City, UT 84112
MACHSH	Hosp Eng Machine Shop (demolished)	15 S 2000 E, Salt Lake City, UT 84112
MATH O	Math Office Bldg (demolished 2000)	160 S 1452 E, Salt Lake City, UT 84112
MATH/P	Math Office/Physics (demolished )	1415 E Presidents Cir, Salt Lake City, UT 84112
MBH	Milton Bennion Hall (Demolished 2017)	1705 Campus Center Drive, Salt Lake City, UT 84112
MCD	Alice Sheets Marriott Center for Dance	330 S 1500 E, Salt Lake City, UT 84112
MCE	Floyd and Jeri Meldrum Civil Engineering Building	110 Central Campus Dr, Salt Lake City, UT 84112
MEB	Joseph F. Merrill Engineering Building	50 Central Campus Dr, Salt Lake City, UT 84112
MEC	John A. Moran Eye Center	65 N Mario Capecchi, Salt Lake City, UT 84132
MEDBIL	U Medical Billing	555 E 200 S, Salt Lake City, UT 84111
MEDEX	Medical Examiner's Office	48 N Medical Dr, Salt Lake City, UT 84113-1105
MEK	Rio Tinto Kennecott Mechanical Engineering Building	1495 E 100 S, Salt Lake City, UT 84112
METEOR	Meteorology Storage (now Bldg 837)	2185 Red Butte Rd, Salt Lake City, UT 84112
MHC	Donna Garff Marriott Residential Scholars Community	250 S. Mario Capecchi Drive, Salt Lake City, UT 84112
MHCB	Edwin L. & Grace G. Madsen Clinic	555 Foothill Blvd, Salt Lake City, UT 84112
MIL S	Military Science Building	105 S 1452 E, Salt Lake City, UT 84112
MINES	Mines Building	110 S 1460 E, Salt Lake City, UT 84112
MOTOR	Motor Pool Building	1775 E S Campus Dr, Salt Lake City, UT 84112
MPH	Holy Cross Hospital  Mountain Point	3000 North Triumph Blvd, Lehi, UT
MPL	Mineral Processing Lab	126 Central Campus Dr, Salt Lake City, UT 84112
MREB	Medical Research & Education Building	20 N Medical Dr, Salt Lake City, UT 84132
MSRL	Mining Systems Research Lab	128 Central Campus Dr, Salt Lake City, UT 84112
MVHC	UU Midvalley Health Center	243 E 6100 South, Murray, UT 84107
NEPHI	AirMed Quarters Nephi	1398 North Main, Nephi, UT 84648
NETE	Center for Native Excellence and Tribal Engagement	1925 De Trobriand St, Salt Lake City, UT 84113
NGATE	Northgate Business Center	803 N 300 W, Salt Lake City, UT 84103-1414
NHMU	Natural History Museum of Utah	301 Wakara, Salt Lake City, UT 84108
NMG	North Medical Garage	105 N Medical Dr, Salt Lake City, UT 84112
NRH(TBD)	Craig H. Neilsen Rehabilitation Hospital	85 N. Medical Drive, Salt Lake City, UT
NS	Naval Science Building	110 S 1452 E, Salt Lake City, UT 84112
NUST	NUST	Sector H12, Islamabad
NWPG	Northwest Garage	105 South 1510 East, Salt Lake City, UT 84112
OBSIDIAN	630 Komas	630 Komas, Salt Lake City, UT 84108
ODL	Ore Dressing Lab (Demolished 2007)	115 S 1460 E, Salt Lake City, UT 84112
ONE SANDY CENTER	CECE Sandy	10011 S. Centennial Parkway Suite 100, Sandy, UT 84070
ONLINE	ONLINE CAMPUS	Salt Lake City, UT
OP CLINIC LEVEL 3	Primary Childrens ENT Layton.	201 West Layton Parkway, Layton, UT 84041
OPG	Orthopedic Parking Garage	590 Wakara Way, Salt Lake City, UT 84108
ORANGE	Richard K. Hemingway Orangerie	280 S Wakara Way, Salt Lake City, UT 84112
OSH	Orson Spencer Hall (Demolished 2017)	260 Central Campus Dr, Salt Lake City, UT 84112
PAB	Performing Arts Building	240 S 1500 E, Salt Lake City, UT 84112
PARK	John R. Park Building	201 Presidents Cir, Salt Lake City, UT 84112
PARKING	Parking Services (demolished 1999)	1910 Research Rd, Salt Lake City, UT 84112
PCEB	John & Marcia Price Computing & Engineering Building	75 South Central Campus Dr., Salt Lake City, UT 84112
PCH	Primary Children's Hospital	100 N Mario Capecchi Drive, Salt Lake City, UT 84113
PCH LEHI	Primary Children's Hospital - Lehi	2250 N Miller Campus Dr., Lehi, UT 84043
PCHG	Primary Children's Hospital Garage	110 North Mario Capecchi, Salt Lake City, UT 84113
PHARMR	Pharmacy Research (demolished)	25 S 2000 E, Salt Lake City, UT 84112
PHC	Chase N. Peterson Heritage Center	151 Connor Rd, Salt Lake City, UT 84112
PHYS	Physics Building	125 S 1400 E, Salt Lake City, UT 84112
PLAZA	Cauldron Legacy Plaza Visitors Ctr	491 S 1400 E, Salt Lake City, UT 84112
PLEC	Pierre Lassonde Entrepreneur Center	105 Fort Douglas Blvd, Salt Lake City, UT 84113
PMT	Roy W. & Elizabeth E. Simmons Pioneer Memorial Theatre	300 S 1400 E, Salt Lake City, UT 84112
PP SER	Physical Plant Services	1745 E S Campus Dr, Salt Lake City, UT 84112
PPO GH	PPO Greenhouse	2166 Pollock Rd, Salt Lake City, UT 84113
PS 1	Pressure Station #1 (EE Jones)	2055 Medical Dr S, Salt Lake City, UT 84112
PS 2	Pressure Station #2 (Dumke 535)	110 N Medical Dr E, Salt Lake City, UT 84112
PS 3	Pressure Station #3	40.769063 , -111.831926, Salt Lake City, UT 84112
PS 4	Pressure Station #4 (NW of #660)	S Connor Rd, Salt Lake City, UT 84112
PS 5	Pressure Station #5 (Browning)	40.765704 , -111.844268, Salt Lake City, UT 84112
PTAB	John & Marcia Price Theatre Arts Building	332 S 1400 E, Salt Lake City, UT 84112
PUMP 2	Pumphouse #2 (Stad)	477 S 1445 East, Salt Lake City, UT 84112
PUMP 3	Pumphouse #3 (new) Qwest?	500 W
PUMP 4	Pumphouse #4	145 Wasatch Dr, Salt Lake City, UT 84112
PUMP 5	Pumphouse #5 (Sill)	161 S Campus Ctr Dr, Salt Lake City, UT 84112
PUMP 6	Pumphouse #6 (Bus)	1641 Central Campus Dr, Salt Lake City, UT 84112
PUMP 7	Pressure Station (Naval Sci)	104 S 1452 E, Salt Lake City, UT 84112
PUMP 8	Pumphouse #8 (Vn Cot)	1805 Balif Rd, Salt Lake City, UT 84112
RAB	Research Administration Building	75 S 2000 E, Salt Lake City, UT 84112
RAD TC	School of Radiologic Tech (demo)	15 N Medical Dr E, Salt Lake City, UT 84112
RADIO	Radiopharm/Radiology (demolished)	35 S 2000 E, Salt Lake City, UT 84112
RB ADM	Radiobiology Administration	40 N 2030 E, Salt Lake City, UT 84112
RB GRE	Red Butte Greenhouse	2190 Red Butte Canyon Road, Salt Lake City, UT 84112
RB TRA	Red Butte Trailer	2190 Red Butte Canyon Road, Salt Lake City, UT 84112
RBGAMP	Red Butte Garden Amphitheatre	2280 East Red Butte Canyon Road (100 South), Salt Lake City, UT 84112
RD HI	Radiological Health (demolished)	85 S 2000 E, Salt Lake City, UT 84112
RDT STUDIO	Reportory Dance Theatre Studio	Salt Lake City, UT 84112
RECREA	Outdoor Recreation (demo 5/02)	1905 Research Rd, Salt Lake City, UT 84112
RECYCL	Recycling Center	1725 East South Campus Drive, Salt Lake City, UT 84112
REGI	Rodent Ecology Genetics & Immun (demolished 1999)	70 S Medical Dr E, Salt Lake City, UT 84112
ROCS	KUEN Communications Facilities - multiple sites	Various Kuen Locations - Transmitters
ROSEN	Rosenblatt House	1480 Military Way, Salt Lake City, UT 84103
RR	Playfield RR & Concessions (Demolished 2018)	Salt Lake City, UT 84112
RSRVD	RESERVED for proposed new buildings or leases	
RWMF	Regulated Waste Management Facility	2205 Red Butte Rd, Salt Lake City, UT 84112
S BEH	Social Beh. Science Lecture Hall	392 S 1530 E, Salt Lake City, UT 84112
S PROJ	Sponsored Projects	1471 E Federal Way, Salt Lake City, UT 84102-1870
S&R/US	S&R/U Surplus & Salvage (demo 5/02)	1855 Research Rd, Salt Lake City, UT 84112
SAEC	Beverley Taylor Sorenson Arts and Education Complex	1721 Campus Center Drive, Salt Lake City, UT 84112
SAFETY	U of U Public Safety	1658 East 500 South, Salt Lake City, UT 84112
SANDY	University of Utah Sandy Center	10011 S Centennial Pkwy, Sandy, UT 84070
SBALL	Softball Dugouts (HPER)	1830 E Balif Rd, Salt Lake City, UT 84112
SCEFC	Spence and Cleone Eccles Football Center	580 Guardsman Way, Salt Lake City, UT 84112
SCMI	Sorenson Center for Medical Innovation	15 South Mario Capecchi Dr., Salt Lake City, UT
SCULPT	Sculpture Building	405 S 1530 E, Salt Lake City, UT 84112
SDH	State Dept of Health, South	46 N Mario Capecchi Drive, Salt Lake City, UT 84113-1105
SEFH	Spence Eccles Field House	650 Guardsman Way, Salt Lake City, UT 84108
SEISTA	Seismograph Stations - Multiple Sites	Various Locations
SFEBB	Spencer Fox Eccles Business Building	1655 Campus Ctr Dr, Salt Lake City, UT 84112
SFESOM	Spencer Fox Eccles School of Medicine - Building	1925 East Spence Eccles Drive, Salt Lake City, UT 84112
SHED	Athletics Field Storage	40.754649 N Negative 111.846785 W, Salt Lake City, UT 84112
SHOP	Shop Building	710 Guardsman Way, Salt Lake City, UT 84108
SILL	Sterling Sill Center	195 Central Campus Dr, Salt Lake City, UT 84112
SK H	L.S. Skaggs Hall	30 S 2000 E, Salt Lake City, UT 84112
SKI	Spence Eccles Ski Team Building	112 South Wasatch Dr, Salt Lake City, UT 84112
SKPM	Dermatology SkinPath Murray	168 East 5900 South, Murray, UT
SMBB	James LeVoy Sorenson Molecular Biotechnology Building - A USTAR Innovation  Center	36 S. Wasatch, Salt Lake City, UT 84112
SMG	South Medical Garage	5 S 2030 E, Salt Lake City, UT 84112
SOM	School of Medicine	30 N Medical Dr, Salt Lake City, UT 84132
SOM/HO	SOM/Hosp Offices (demolished)	3 S 2000 E, Salt Lake City, UT 84132
SOM507	SOM Research Bldg 507 (demolished)	55 E 2000 E, Salt Lake City, UT 84112
SOM511	SOM Research Bldg 511 (demolished)	2050 E Medical Dr S, Salt Lake City, UT 84112
SP 810	Sage Point 810	265 Fort Douglas Blvd, Salt Lake City, UT 84113
SP 811	Sage Point 811	220 Connor Rd, Salt Lake City, UT 84113
SP 812	Sage Point 812	260 Connor Rd, Salt Lake City, UT 84113
SP 813	Sage Point 813	290 Connor Rd, Salt Lake City, UT 84113
SP 814	Sage Point 814	295 Fort Douglas Blvd, Salt Lake City, UT 84113
SPACE	Space Planning & Management	25 S Wolcott, Salt Lake City, UT 84102-1815
SPINE	U Spine Rehab Center	1355 Foothill Dr, Salt Lake City, UT 84108
SPROUT	Em's Sprout House	290 Wakara Way, Salt Lake City, UT 84108
SR 825	Shoreline Ridge 825	2145 Red Butte Rd, Salt Lake City, UT 84113
SR 826	Shoreline Ridge 826	2165 Red Butte Rd, Salt Lake City, UT 84113
SR 827	Shoreline Ridge 827	2185 Red Butte Rd, Salt Lake City, UT 84113
SR 828	Shoreline Ridge 828	2195 Red Butte Rd, Salt Lake City, UT 84113
SR 829	Shoreline Ridge 829	2175 Red Butte Rd, Salt Lake City, UT 84113
SR 830	Shoreline Ridge 830	2155 Red Butte Rd, Salt Lake City, UT 84113
SRB	L.S. Skaggs Jr. Research Building	30 S. 2000 E., Salt Lake City, UT 84112
SRG	Shoreline Ridge Garage	28 South Medical Drive East, Salt Lake City, UT 84112
SSB	Student Services Building	201 S 1460 E, Salt Lake City, UT 84112
ST	William Stewart Building	270 S 1400 E, Salt Lake City, UT 84112
STAD	Rice-Eccles Stadium	451 S 1400 E, Salt Lake City, UT 84112
STAD C	Concession Stadium (demolished '99)	465 S 1400 E, Salt Lake City, UT 84112
STG HU	Storage Huts	1765 E S Campus Dr, Salt Lake City, UT 84112
STMGEN	Steam Generating Plant	172 S 1460 E, Salt Lake City, UT 84112
SURG	University Surgery Billing	747 E S Temple, Salt Lake City, UT 84102
SUU	Russell Taylor Health Sciences Building at Dixie State University	1526 E. Medical Center Dr, St George, UT 84790
SW	College of Social Work	395 S 1500 E, Salt Lake City, UT 84112
SWATC	Southwest Automotive Campus	101 E Nichols Canyon Rd, Cedar City, UT 84721
TANNER	Virginia Tanner Dance (Demolished 2013)	190 Wasatch Blvd, Salt Lake City, UT 84112
TBBC	Thatcher Building for Biological and Biophysical Chemistry	351 S 1400 E, Salt Lake City, UT 84112
TBD	Care Navigation Center	5224 W. Daybreak Parkway, South Jordan, UT 84009
TNEHEC ART STUDIO	Taft - Nicholson Environmental Humanities Education Center Art Studio	27700 S. Valley Road, Lima, MT 59739
TNEHEC ARTIST RESIDENCE	Taft - Nicholson Environmental Humanities Education Center Artist Residence	27700 S. Valley Road, Lima, MT 59739
TNEHEC CARETAKER	Taft - Nicholson Environmental Humanities Education Center Caretaker Residence & Shop	27700 S. Valley Road, Lima, MT 59739
TNEHEC CLASSROOM BUILDING	Taft - Nicholson Environmental Humanities Education Center Classroom Building	27700 S. Valley Road, Lima, MT 59739
TNEHEC DINING HALL	Taft - Nicholson Environmental Humanities Education Center Dining Hall & Event Center	27700 S. Valley Road, Lima, MT 59739
TNEHEC DORM	Taft - Nicholson Environmental Humanities Education Center Dormitory	Lima, MT
TNEHEC GUEST CABINS	Taft - Nicholson Environmental Humanities Education Center Guest Cabins	27700 S. Valley Road, Lima, MT 59739
TNEHEC MAINTENANCE STAFF	Taft - Nicholson Environmental Humanities Education Center Maintenance Staff Housing	27700 S. Valley Road, Lima, MT 59739
TNEHEC SHAMBOW HOUSE	Taft - Nicholson Environmental Humanities Education Center Shambow House	27700 S. Valley Road, Lima, MT 59739
TNEHEC SHEEP CABINS	Taft - Nicholson Environmental Humanities Education Center Big/Little Sheep Cabin	27700 S. Valley Road, Lima, MT 59739
TNEHEC STORAGE AND FUEL	Taft - Nicholson Environmental Humanities Education Center Storage Building	27700 S. Valley Road, Lima, MT 59739
TNEHEC VISITOR CENTER	Taft - Nicholson Environmental Humanities Education Center Visitor Center	27700 S. Valley Road, Lima, MT 59739
TNEHEC WOODWORKING SHOP	Taft - Nicholson Environmental Humanities Education Center Woodworking Shop	27700 S. Valley Road, Lima, MT 59739
TRANSF	Transformer Building	1395 E 500 S, Salt Lake City, UT 84112
TRANSMITER	KUER Communications Facilities - multiple sites	Various Kuer Locations - Transmitters
U CAMPSTOR	University Campus Store	270 S 1500 E, Salt Lake City, UT 84112
U HOSP	University Hospital	50 N Medical Dr, Salt Lake City, UT 84132
UBSB	University Business Services Building	127 S 500 E, Salt Lake City, UT 84102
UKIDS	University Kids	545 Guardsman Way, Salt Lake City, UT 84112
UMFA	Marcia & John Price Museum Building	410 Campus Ctr Dr, Salt Lake City, UT 84112
UNION	A. Ray Olpin Union	200 Central Campus Dr, Salt Lake City, UT 84112
USB	University Services Building (now Bldg 350)	1795 E S Campus Dr, Salt Lake City, UT 84112
USTAR3	Reserved for USTAR Bldg #3	?, Salt Lake City, UT 84112
USTAR4	Reserved for USTAR Bldg #4	?, Salt Lake City, UT 84112
UTAH TECH	Utah Tech University	225 S University Ave, St. George, UT 84770
UUCE	540 Arapeen Drive	540 Arapeen Dr, Salt Lake City, UT 84108
UUOC	590 Wakara (UU Orthopaedic Ctr)	590 Wakara Way, Salt Lake City, UT 84108
UUSOD	Ray & Tye Noorda Oral Health Sciences Building	530 Wakara Way, Salt Lake City, UT 84108
UUSODG	University of Utah School of Dentistry Garage	530 Wakara Way, Salt Lake City, UT 84108
V CUP	HCI Vineyard Central Utility Plant	Vineyard, UT
VAN CT	Van Cott Hall (Demolished 2006)	150 Wasatch Blvd, Salt Lake City, UT 84112
VOICE	Voice & Opera Center	104 S 1386 E, Salt Lake City, UT 84112
VRTUSB	V. Randall Turpin University Services Building	1795 E S Campus Dr, Salt Lake City, UT 84112
WAESGN	West Africa Ensign College of Public Health	Tema - Akosombo Rd., Kpong, ER
WBB	William C. Browning Building	135 S 1460 E, Salt Lake City, UT 84112
WEB	John and Marva Warnock Engineering Building	72 Central Campus Dr, Salt Lake City, UT 84112
WG	Williams Garage	295 Chipeta Way, Salt Lake City, UT 84108
WINTRO	Maxwell M. Wintrobe Research and Education Building	26 N Medical Dr, Salt Lake City, UT 84132
WMG	West Medical Garage	35 N Medical Dr, Salt Lake City, UT 84112
WPAV	West Pavilion (Hosp)	50 N Medical Dr, Salt Lake City, UT 84132
WPGP	West Pavilion Generating Plant	40.770934 N 111.837082 W, Salt Lake City, UT 84112
WV T	Reserved for West Valley Temp Clinic	West Valley City, UT
UAC	Utah Asia Campus	119 Songdo Moonhwa-ro, Yeonsu-gu, Incheon 21985, South Korea
GLENDALE GOLF CRS	Glendale Golf Course	1630 W 2100 S, Salt Lake City, UT 84119
310 WA	310 Wakara Way	310 Wakara Way, Salt Lake City, UT 84108
HPR NAT	HPER Natatorium	270 S 1850 E, Salt Lake City, UT 84112
COTTWD HS	Cottonwood High School	5715 S 1300 E, Murray, UT 84121
CORNER CYN	Corner Canyon High School	12943 S 700 E, Draper, UT 84020
WAS EL SCH	Wasatch Elementary School	30 R St, Salt Lake City, UT 84103
GRANITE SD	Granite School District	2500 S State St, South Salt Lake, UT 84115
